id,append
0,0.0
128,0.310857
512,0.309219
1024,0.308022
4096,0.29148
