id,append
0,0.0
128,0.116239
512,0.10837
1024,0.099013
4096,0.10029
