id,append
0,0.0
128,0.558707
512,0.498581
1024,0.513997
4096,0.493868
16384,0.0
65536,0.0
