id,append
0,0.0
128,0.064008
512,0.059405
1024,0.062834
4096,0.078061
