id,append
0,0.0
128,0.147776
512,0.104562
1024,0.098407
4096,0.098118
