id,append
0,0.0
128,0.402958
512,0.33347
1024,0.369272
4096,0.372175
