id,append
0,0.0
128,0.50973
512,0.479511
1024,0.465056
4096,0.454022
