id,search
0,0.0
1,0.537173
2,0.549025
4,0.533235
8,0.534712
16,0.428837
32,0.417938
64,0.424183
128,0.412885
256,0.403442
512,0.671927
1024,1.24754
2048,2.203351
4096,4.312799
8192,8.629172
16384,16.809963
32768,34.204786
65536,66.193724
131072,132.577653
262144,261.801215
524288,528.648716
