id,append
0,0.0
128,0.353868
512,0.322806
1024,0.323267
4096,0.356449
