id,append
0,0.0
128,1.434806
512,1.498752
1024,1.306975
4096,1.33551
