id,append
0,0.0
128,0.435335
512,0.368956
1024,0.372723
4096,0.381547
