id,append
0,0.0
128,0.533432
512,0.445632
1024,0.439662
4096,0.402707
