id,append
0,0.0
128,1.038858
512,1.162371
1024,1.191042
4096,1.064849
