id,append
0,0.0
128,0.603471
512,0.518725
1024,0.523207
4096,0.522698
