id,append
0,0.0
128,2.301272
512,1.939849
1024,1.964451
4096,2.441133
