id,append
0,0.0
128,0.789588
512,0.81343
1024,0.803988
4096,0.784722
