id,append
0,0.0
128,0.550659
512,0.427705
1024,0.428782
4096,0.465085
