id,append
0,0.0
128,3.281185
512,2.741891
1024,2.617092
4096,2.249716
16384,0.0
65536,0.0
