id,append
0,0.0
128,1.804605
512,2.001829
1024,1.73471
4096,1.742513
