id,append
0,0.0
128,1.444589
512,1.61567
1024,1.44711
4096,1.543452
