id,append
0,0.0
128,0.352594
512,0.310743
1024,0.289039
4096,0.320864
