id,append
0,0.0
128,0.661064
512,0.546256
1024,0.546003
4096,0.552987
16384,0.0
65536,0.0
