id,search
0,0.0
1,0.222235
2,0.228493
4,0.235143
8,0.245681
16,0.269458
32,0.282468
64,0.326126
128,0.398966
256,0.59877
512,0.935937
1024,1.565325
2048,2.687846
4096,4.659213
8192,8.092675
16384,13.903298
32768,23.342817
65536,37.459736
131072,57.201531
262144,79.73114
