test,data_mem,aux_mem,ssd,cached,bbs,n,s,lf,id,append,append_bytes,insert,insert_bytes,setup,setup_bytes,vl,total_time
ofs-update,0,1,0,1,32,2048,3,2,0,0,0,0,0,0.072049,1753680.000000,0,0.668159
ofs-update,0,1,0,1,32,2048,3,2,16,0.133962,885744.000000,0.124105,621392.000000,0,0,16.000000,0.668159
ofs-update,0,1,0,1,32,2048,3,2,128,0.058144,449392.000000,0.045512,330896.000000,0,0,128.000000,0.668159
ofs-update,0,1,0,1,32,2048,3,2,1024,0.052143,441712.000000,0.058641,443872.000000,0,0,1024.000000,0.668159
