test,data_mem,aux_mem,ssd,cached,bbs,n,s,lf,id,append,append_bytes,insert,insert_bytes,setup,setup_bytes,vl,total_time
ofs-update,0,0,0,1,4096,131072,3,2,0,0,0,0,0,34.513637,8603264640.000000,0,88.191532
ofs-update,0,0,0,1,4096,131072,3,2,16,0.494127,52399440.000000,0.346461,26160000.000000,0,0,16.000000,88.191532
ofs-update,0,0,0,1,4096,131072,3,2,128,6.546384,1615351488.000000,3.556750,807941664.000000,0,0,128.000000,88.191532
ofs-update,0,0,0,1,4096,131072,3,2,1024,6.581346,1615334208.000000,3.657615,807991344.000000,0,0,1024.000000,88.191532
ofs-update,0,0,0,1,4096,131072,3,2,4096,11.853679,2154258864.000000,6.535744,1615311888.000000,0,0,4096.000000,88.191532
