test,data_mem,aux_mem,ssd,cached,bbs,n,s,lf,id,append,append_bytes,insert,insert_bytes,setup,setup_bytes,vl,total_time
ofs-update,0,1,0,1,32,131072,3,2,0,0,0,0,0,2.424888,106746960.000000,0,4.911616
ofs-update,0,1,0,1,32,131072,3,2,16,0.369072,2361888.000000,0.191643,1197744.000000,0,0,16.000000,4.911616
ofs-update,0,1,0,1,32,131072,3,2,128,0.186740,13342816.000000,0.209587,7021808.000000,0,0,128.000000,4.911616
ofs-update,0,1,0,1,32,131072,3,2,1024,0.185806,13340416.000000,0.180284,13322176.000000,0,0,1024.000000,4.911616
ofs-update,0,1,0,1,32,131072,3,2,4096,0.176496,13346896.000000,0.181888,13322176.000000,0,0,4096.000000,4.911616
