test,data_mem,aux_mem,ssd,cached,bbs,n,s,lf,id,append,append_bytes,insert,insert_bytes,setup,setup_bytes,vl,total_time
ofs-update,0,0,0,1,128,8388608,3,2,0,0,0,0,0,301.666729,22274878080.000000,0,333.099916
ofs-update,0,0,0,1,128,8388608,3,2,16,0.732081,12900160.000000,0.390140,6423200.000000,0,0,16.000000,333.099916
ofs-update,0,0,0,1,128,8388608,3,2,128,1.121272,18876480.000000,0.482432,7205360.000000,0,0,128.000000,333.099916
ofs-update,0,0,0,1,128,8388608,3,2,1024,3.820223,1144133600.000000,2.209829,572704000.000000,0,0,1024.000000,333.099916
ofs-update,0,0,0,1,128,8388608,3,2,4096,3.695743,1144165760.000000,1.962756,572777680.000000,0,0,4096.000000,333.099916
