test,data_mem,aux_mem,ssd,cached,bbs,n,s,lf,id,append,append_bytes,insert,insert_bytes,setup,setup_bytes,vl,total_time
ofs-update,0,0,0,1,32,8388608,3,2,0,0,0,0,0,176.525108,9415240320.000000,0,201.174261
ofs-update,0,0,0,1,32,8388608,3,2,16,0.699557,6621904.000000,0.427307,3237392.000000,0,0,16.000000,201.174261
ofs-update,0,0,0,1,32,8388608,3,2,128,1.370426,9410736.000000,0.489383,4068512.000000,0,0,128.000000,201.174261
ofs-update,0,0,0,1,32,8388608,3,2,1024,1.424782,338779712.000000,0.912058,170090896.000000,0,0,1024.000000,201.174261
ofs-update,0,0,0,1,32,8388608,3,2,4096,1.454485,338822672.000000,0.852495,170118496.000000,0,0,4096.000000,201.174261
