test,data_mem,aux_mem,ssd,cached,bbs,n,s,lf,id,append,append_bytes,insert,insert_bytes,setup,setup_bytes,vl,total_time
ofs-update,0,0,0,1,32,256,3,2,0,0,0,0,0,0.009676,122400.000000,0,0.198571
ofs-update,0,0,0,1,32,256,3,2,16,0.024239,123520.000000,0.024060,92000.000000,0,0,16.000000,0.198571
ofs-update,0,0,0,1,32,256,3,2,128,0.025362,133600.000000,0.024814,124000.000000,0,0,128.000000,0.198571
