test,data_mem,aux_mem,ssd,cached,bbs,n,s,lf,id,append,append_bytes,insert,insert_bytes,setup,setup_bytes,vl,total_time
ofs-update,0,0,0,1,128,16384,3,2,0,0,0,0,0,0.398719,26146896.000000,0,2.148263
ofs-update,0,0,0,1,128,16384,3,2,16,0.332162,2663280.000000,0.122819,943120.000000,0,0,16.000000,2.148263
ofs-update,0,0,0,1,128,16384,3,2,128,0.109090,5190256.000000,0.110608,2820608.000000,0,0,128.000000,2.148263
ofs-update,0,0,0,1,128,16384,3,2,1024,0.109499,5186656.000000,0.110222,5172496.000000,0,0,1024.000000,2.148263
ofs-update,0,0,0,1,128,16384,3,2,4096,0.117142,5204656.000000,0.108853,5178976.000000,0,0,4096.000000,2.148263
