test,data_mem,aux_mem,ssd,cached,bbs,n,s,lf,id,append,append_bytes,insert,insert_bytes,setup,setup_bytes,vl,total_time
ofs-update,0,0,0,1,32,2048,3,2,0,0,0,0,0,0.064463,1753680.000000,0,0.693690
ofs-update,0,0,0,1,32,2048,3,2,16,0.128690,887424.000000,0.116410,614192.000000,0,0,16.000000,0.693690
ofs-update,0,0,0,1,32,2048,3,2,128,0.049782,442192.000000,0.044836,340736.000000,0,0,128.000000,0.693690
ofs-update,0,0,0,1,32,2048,3,2,1024,0.054667,458752.000000,0.049109,452512.000000,0,0,1024.000000,0.693690
