test,data_mem,aux_mem,ssd,cached,bbs,n,s,lf,id,append,append_bytes,insert,insert_bytes,setup,setup_bytes,vl,total_time
ofs-update,0,0,0,1,4096,256,3,2,0,0,0,0,0,0.045762,8425296.000000,0,0.465459
ofs-update,0,0,0,1,4096,256,3,2,16,0.035054,2211488.000000,0.027714,1128784.000000,0,0,16.000000,0.465459
ofs-update,0,0,0,1,4096,256,3,2,128,0.034599,2207408.000000,0.036358,2202848.000000,0,0,128.000000,0.465459
