test,data_mem,aux_mem,ssd,cached,bbs,n,s,lf,id,append,append_bytes,insert,insert_bytes,setup,setup_bytes,vl,total_time
ofs-update,0,1,0,1,32,16384,3,2,0,0,0,0,0,0.317367,13576272.000000,0,1.466535
ofs-update,0,1,0,1,32,16384,3,2,16,0.330378,1911600.000000,0.125666,687040.000000,0,0,16.000000,1.466535
ofs-update,0,1,0,1,32,16384,3,2,128,0.089528,2032768.000000,0.091007,1235504.000000,0,0,128.000000,1.466535
ofs-update,0,1,0,1,32,16384,3,2,1024,0.087990,2052928.000000,0.094496,2032288.000000,0,0,1024.000000,1.466535
ofs-update,0,1,0,1,32,16384,3,2,4096,0.088021,2047408.000000,0.093717,2040208.000000,0,0,4096.000000,1.466535
