test,data_mem,aux_mem,ssd,cached,bbs,n,s,lf,id,append,append_bytes,insert,insert_bytes,setup,setup_bytes,vl,total_time
ofs-update,0,1,0,1,4096,131072,3,2,0,0,0,0,0,36.548024,8603264640.000000,0,89.634618
ofs-update,0,1,0,1,4096,131072,3,2,16,0.522572,52397040.000000,0.300088,26153520.000000,0,0,16.000000,89.634618
ofs-update,0,1,0,1,4096,131072,3,2,128,6.605914,1615325808.000000,3.665616,807914064.000000,0,0,128.000000,89.634618
ofs-update,0,1,0,1,4096,131072,3,2,1024,6.725261,1615304208.000000,3.488037,808023744.000000,0,0,1024.000000,89.634618
ofs-update,0,1,0,1,4096,131072,3,2,4096,11.623002,2154282624.000000,7.136316,1615346208.000000,0,0,4096.000000,89.634618
