test,data_mem,aux_mem,ssd,cached,bbs,n,s,lf,id,append,append_bytes,insert,insert_bytes,setup,setup_bytes,vl,total_time
ofs-update,0,0,0,1,32,1048576,3,2,0,0,0,0,0,21.795188,1179423360.000000,0,41.705968
ofs-update,0,0,0,1,32,1048576,3,2,16,0.502732,4076896.000000,0.271682,1972448.000000,0,0,16.000000,41.705968
ofs-update,0,0,0,1,32,1048576,3,2,128,0.669999,41165040.000000,0.541188,4043296.000000,0,0,128.000000,41.705968
ofs-update,0,0,0,1,32,1048576,3,2,1024,0.562799,75763648.000000,0.431495,38361344.000000,0,0,1024.000000,41.705968
ofs-update,0,0,0,1,32,1048576,3,2,4096,0.608800,75747568.000000,0.365030,38398784.000000,0,0,4096.000000,41.705968
