test,data_mem,aux_mem,ssd,cached,bbs,n,s,lf,id,append,append_bytes,insert,insert_bytes,setup,setup_bytes,vl,total_time
ofs-update,0,0,0,1,128,256,3,2,0,0,0,0,0,0.019164,425808.000000,0,0.208759
ofs-update,0,0,0,1,128,256,3,2,16,0.024510,180592.000000,0.019047,115136.000000,0,0,16.000000,0.208759
ofs-update,0,0,0,1,128,256,3,2,128,0.023817,176032.000000,0.026522,180592.000000,0,0,128.000000,0.208759
