test,data_mem,aux_mem,ssd,cached,bbs,n,s,lf,id,append,append_bytes,insert,insert_bytes,setup,setup_bytes,vl,total_time
ofs-update,0,0,0,1,32,131072,3,2,0,0,0,0,0,2.590264,106746960.000000,0,6.224877
ofs-update,0,0,0,1,32,131072,3,2,16,0.352550,2385888.000000,0.203375,1197744.000000,0,0,16.000000,6.224877
ofs-update,0,0,0,1,32,131072,3,2,128,0.202893,13329136.000000,0.164819,6966368.000000,0,0,128.000000,6.224877
ofs-update,0,0,0,1,32,131072,3,2,1024,0.203726,13345696.000000,0.204337,13303216.000000,0,0,1024.000000,6.224877
ofs-update,0,0,0,1,32,131072,3,2,4096,0.201400,13347616.000000,0.211079,13334656.000000,0,0,4096.000000,6.224877
