test,data_mem,aux_mem,ssd,cached,bbs,n,s,lf,id,append,append_bytes,insert,insert_bytes,setup,setup_bytes,vl,total_time
ofs-update,0,1,0,1,4096,1048576,3,2,0,0,0,0,0,838.802295,69093610112.000000,0,982.145707
ofs-update,0,1,0,1,4096,1048576,3,2,16,2.252638,120586944.000000,1.047319,60239472.000000,0,0,16.000000,982.145707
ofs-update,0,1,0,1,4096,1048576,3,2,128,19.626881,3886448784.000000,2.796640,120666864.000000,0,0,128.000000,982.145707
ofs-update,0,1,0,1,4096,1048576,3,2,1024,34.520988,7533220560.000000,18.134049,3767131440.000000,0,0,1024.000000,982.145707
ofs-update,0,1,0,1,4096,1048576,3,2,4096,38.727684,7533222240.000000,15.829933,3767123040.000000,0,0,4096.000000,982.145707
