test,data_mem,aux_mem,ssd,cached,bbs,n,s,lf,id,append,append_bytes,insert,insert_bytes,setup,setup_bytes,vl,total_time
ofs-update,1,1,0,1,32,2048,3,2,0,0,0,0,0,0.219228,1753680.000000,0,0.717354
ofs-update,1,1,0,1,32,2048,3,2,16,0.137238,896544.000000,0.158396,794432.000000,0,0,16.000000,0.717354
ofs-update,1,1,0,1,32,2048,3,2,128,0.050639,452032.000000,0.049915,348896.000000,0,0,128.000000,0.717354
ofs-update,1,1,0,1,32,2048,3,2,1024,0.049371,440512.000000,0.049449,444832.000000,0,0,1024.000000,0.717354
