test,data_mem,aux_mem,ssd,cached,bbs,n,s,lf,id,append,append_bytes,insert,insert_bytes,setup,setup_bytes,vl,total_time
ofs-update,1,1,0,1,4096,256,3,2,0,0,0,0,0,0.073966,8425296.000000,0,0.203544
ofs-update,1,1,0,1,4096,256,3,2,16,0.030716,2206208.000000,0.030531,1157344.000000,0,0,16.000000,0.203544
ofs-update,1,1,0,1,4096,256,3,2,128,0.031516,2211968.000000,0.033559,2210528.000000,0,0,128.000000,0.203544
