test,data_mem,aux_mem,ssd,cached,bbs,n,s,lf,id,append,append_bytes,insert,insert_bytes,setup,setup_bytes,vl,total_time
ofs-update,0,0,1,1,128,16384,3,2,0,0,0,0,0,1.980029,26146896.000000,0,3.250409
ofs-update,0,0,1,1,128,16384,3,2,16,0.361508,2736480.000000,0.208446,1266880.000000,0,0,16.000000,3.250409
ofs-update,0,0,1,1,128,16384,3,2,128,0.105704,5199616.000000,0.117525,2833568.000000,0,0,128.000000,3.250409
ofs-update,0,0,1,1,128,16384,3,2,1024,0.111122,5189056.000000,0.146908,5199136.000000,0,0,1024.000000,3.250409
ofs-update,0,0,1,1,128,16384,3,2,4096,0.107873,5200576.000000,0.108209,5196736.000000,0,0,4096.000000,3.250409
