test,data_mem,aux_mem,ssd,cached,bbs,n,s,lf,id,append,append_bytes,insert,insert_bytes,setup,setup_bytes,vl,total_time
ofs-update,0,1,1,1,32,2048,3,2,0,0,0,0,0,0.204620,1753680.000000,0,0.717967
ofs-update,0,1,1,1,32,2048,3,2,16,0.134032,899424.000000,0.162867,802112.000000,0,0,16.000000,0.717967
ofs-update,0,1,1,1,32,2048,3,2,128,0.053200,456832.000000,0.054340,346976.000000,0,0,128.000000,0.717967
ofs-update,0,1,1,1,32,2048,3,2,1024,0.049201,449152.000000,0.056417,466432.000000,0,0,1024.000000,0.717967
