test,data_mem,aux_mem,ssd,cached,bbs,n,s,lf,id,append,append_bytes,insert,insert_bytes,setup,setup_bytes,vl,total_time
ofs-update,0,0,1,1,32,256,3,2,0,0,0,0,0,0.027753,122400.000000,0,0.131538
ofs-update,0,0,1,1,32,256,3,2,16,0.024302,128320.000000,0.027060,125600.000000,0,0,16.000000,0.131538
ofs-update,0,0,1,1,32,256,3,2,128,0.023934,131200.000000,0.026741,131200.000000,0,0,128.000000,0.131538
