test,data_mem,aux_mem,ssd,cached,bbs,n,s,lf,id,append,append_bytes,insert,insert_bytes,setup,setup_bytes,vl,total_time
ofs-update,0,0,1,1,128,2048,3,2,0,0,0,0,0,0.216151,3320400.000000,0,0.721748
ofs-update,0,0,1,1,128,2048,3,2,16,0.135765,1496928.000000,0.161455,1012640.000000,0,0,16.000000,0.721748
ofs-update,0,0,1,1,128,2048,3,2,128,0.051649,848128.000000,0.052807,553664.000000,0,0,128.000000,0.721748
ofs-update,0,0,1,1,128,2048,3,2,1024,0.053198,840448.000000,0.047778,842368.000000,0,0,1024.000000,0.721748
