test,data_mem,aux_mem,ssd,cached,bbs,n,s,lf,id,append,append_bytes,insert,insert_bytes,setup,setup_bytes,vl,total_time
ofs-update,0,0,1,1,4096,256,3,2,0,0,0,0,0,0.083308,8425296.000000,0,0.220943
ofs-update,0,0,1,1,4096,256,3,2,16,0.031653,2205248.000000,0.033890,1162144.000000,0,0,16.000000,0.220943
ofs-update,0,0,1,1,4096,256,3,2,128,0.034465,2212928.000000,0.034722,2210048.000000,0,0,128.000000,0.220943
