test,data_mem,aux_mem,ssd,cached,bbs,n,s,lf,id,append,append_bytes,insert,insert_bytes,setup,setup_bytes,vl,total_time
ofs-update,0,0,1,1,32,2048,3,2,0,0,0,0,0,0.194859,1753680.000000,0,0.706645
ofs-update,0,0,1,1,32,2048,3,2,16,0.135920,909984.000000,0.164193,808832.000000,0,0,16.000000,0.706645
ofs-update,0,0,1,1,32,2048,3,2,128,0.050372,457792.000000,0.052101,356096.000000,0,0,128.000000,0.706645
ofs-update,0,0,1,1,32,2048,3,2,1024,0.056864,446272.000000,0.049096,447712.000000,0,0,1024.000000,0.706645
