test,data_mem,aux_mem,ssd,cached,bbs,n,s,lf,id,append,append_bytes,insert,insert_bytes,setup,setup_bytes,vl,total_time
ofs-update,0,1,1,1,4096,256,3,2,0,0,0,0,0,0.072286,8425296.000000,0,0.207222
ofs-update,0,1,1,1,4096,256,3,2,16,0.034588,2215808.000000,0.031771,1162624.000000,0,0,16.000000,0.207222
ofs-update,0,1,1,1,4096,256,3,2,128,0.033555,2213888.000000,0.032573,2205248.000000,0,0,128.000000,0.207222
