test,data_mem,aux_mem,ssd,cached,bbs,n,s,lf,id,append,append_bytes,insert,insert_bytes,setup,setup_bytes,vl,total_time
ofs-update,0,1,1,1,4096,16384,3,2,0,0,0,0,0,4.054095,545732688.000000,0,9.141643
ofs-update,0,1,1,1,4096,16384,3,2,16,0.432312,33224640.000000,0.234848,11433600.000000,0,0,16.000000,9.141643
ofs-update,0,1,1,1,4096,16384,3,2,128,0.724767,135213440.000000,0.694817,67854880.000000,0,0,128.000000,9.141643
ofs-update,0,1,1,1,4096,16384,3,2,1024,0.717283,135214400.000000,0.760208,135215840.000000,0,0,1024.000000,9.141643
ofs-update,0,1,1,1,4096,16384,3,2,4096,0.768182,135222560.000000,0.750291,135224480.000000,0,0,4096.000000,9.141643
