test,data_mem,aux_mem,ssd,cached,bbs,n,s,lf,id,append,append_bytes,insert,insert_bytes,setup,setup_bytes,vl,total_time
ofs-update,0,0,1,1,32,16384,3,2,0,0,0,0,0,1.839946,13576272.000000,0,3.009117
ofs-update,0,0,1,1,32,16384,3,2,16,0.357603,1999680.000000,0.216149,1028320.000000,0,0,16.000000,3.009117
ofs-update,0,0,1,1,32,16384,3,2,128,0.086617,2049088.000000,0.108091,1258304.000000,0,0,128.000000,3.009117
ofs-update,0,0,1,1,32,16384,3,2,1024,0.086065,2053408.000000,0.115866,2053408.000000,0,0,1024.000000,3.009117
ofs-update,0,0,1,1,32,16384,3,2,4096,0.096883,2055328.000000,0.098748,2057728.000000,0,0,4096.000000,3.009117
