test,data_mem,aux_mem,ssd,cached,bbs,n,s,lf,id,append,append_bytes,insert,insert_bytes,setup,setup_bytes,vl,total_time
ofs-update,0,1,1,1,128,2048,3,2,0,0,0,0,0,0.209992,3320400.000000,0,0.733478
ofs-update,0,1,1,1,128,2048,3,2,16,0.137454,1498368.000000,0.162765,995840.000000,0,0,16.000000,0.733478
ofs-update,0,1,1,1,128,2048,3,2,128,0.050952,846208.000000,0.054652,549824.000000,0,0,128.000000,0.733478
ofs-update,0,1,1,1,128,2048,3,2,1024,0.061784,851488.000000,0.052334,839968.000000,0,0,1024.000000,0.733478
