test,data_mem,aux_mem,ssd,cached,bbs,n,s,lf,id,append,append_bytes,insert,insert_bytes,setup,setup_bytes,vl,total_time
ofs-update,0,1,1,1,32,16384,3,2,0,0,0,0,0,1.707644,13576272.000000,0,2.816601
ofs-update,0,1,1,1,32,16384,3,2,16,0.349336,2010720.000000,0.194469,1036480.000000,0,0,16.000000,2.816601
ofs-update,0,1,1,1,32,16384,3,2,128,0.096131,2045728.000000,0.089170,1264064.000000,0,0,128.000000,2.816601
ofs-update,0,1,1,1,32,16384,3,2,1024,0.096850,2044288.000000,0.094662,2062048.000000,0,0,1024.000000,2.816601
ofs-update,0,1,1,1,32,16384,3,2,4096,0.091460,2040448.000000,0.092739,2039008.000000,0,0,4096.000000,2.816601
