test,data_mem,aux_mem,ssd,cached,bbs,n,s,lf,id,append,append_bytes,insert,insert_bytes,setup,setup_bytes,vl,total_time
ofs-update,0,1,1,1,128,16384,3,2,0,0,0,0,0,1.939187,26146896.000000,0,3.123354
ofs-update,0,1,1,1,128,16384,3,2,16,0.338183,2765280.000000,0.204974,1286080.000000,0,0,16.000000,3.123354
ofs-update,0,1,1,1,128,16384,3,2,128,0.103427,5189056.000000,0.103445,2830688.000000,0,0,128.000000,3.123354
ofs-update,0,1,1,1,128,16384,3,2,1024,0.103690,5197696.000000,0.109673,5196256.000000,0,0,1024.000000,3.123354
ofs-update,0,1,1,1,128,16384,3,2,4096,0.105805,5203936.000000,0.110651,5200576.000000,0,0,4096.000000,3.123354
