test,data_mem,aux_mem,ssd,cached,bbs,n,s,lf,id,append,append_bytes,insert,insert_bytes,setup,setup_bytes,vl,total_time
ofs-update,0,1,1,1,4096,2048,3,2,0,0,0,0,0,0.473519,68078160.000000,0,1.387836
ofs-update,0,1,1,1,4096,2048,3,2,16,0.239272,25881120.000000,0.176257,9132384.000000,0,0,16.000000,1.387836
ofs-update,0,1,1,1,4096,2048,3,2,128,0.132323,17097696.000000,0.105874,8683488.000000,0,0,128.000000,1.387836
ofs-update,0,1,1,1,4096,2048,3,2,1024,0.127832,17092896.000000,0.129940,17093856.000000,0,0,1024.000000,1.387836
