test,data_mem,aux_mem,ssd,cached,bbs,n,s,lf,id,append,append_bytes,insert,insert_bytes,setup,setup_bytes,vl,total_time
ofs-update,0,0,0,1,4096,131072,3,2,0,0,0,0,0,50.374191,8603264640.000000,0,83.009015
ofs-update,0,0,0,1,4096,131072,3,2,16,0.502312,52464480.000000,0.351689,26682720.000000,0,0,16.000000,83.009015
ofs-update,0,0,0,1,4096,131072,3,2,128,5.193197,1615367808.000000,2.888030,808088064.000000,0,0,128.000000,83.009015
ofs-update,0,0,0,1,4096,131072,3,2,1024,5.065710,1615383168.000000,2.616838,808077024.000000,0,0,1024.000000,83.009015
ofs-update,0,0,0,1,4096,131072,3,2,4096,9.928112,2154327744.000000,6.084649,1615407648.000000,0,0,4096.000000,83.009015
