test,data_mem,aux_mem,ssd,cached,bbs,n,s,lf,id,append,append_bytes,insert,insert_bytes,setup,setup_bytes,vl,total_time
ofs-update,0,0,0,1,128,1048576,3,2,0,0,0,0,0,78.497300,2783695488.000000,0,85.015152
ofs-update,0,0,0,1,128,1048576,3,2,16,0.559090,6928288.000000,0.537228,4148864.000000,0,0,16.000000,85.015152
ofs-update,0,0,0,1,128,1048576,3,2,128,0.965894,132122976.000000,0.609305,7128928.000000,0,0,128.000000,85.015152
ofs-update,0,0,0,1,128,1048576,3,2,1024,1.231937,251942656.000000,0.748450,126575168.000000,0,0,1024.000000,85.015152
ofs-update,0,0,0,1,128,1048576,3,2,4096,1.163147,251953696.000000,0.698204,126549728.000000,0,0,4096.000000,85.015152
