test,data_mem,aux_mem,ssd,cached,bbs,n,s,lf,id,append,append_bytes,insert,insert_bytes,setup,setup_bytes,vl,total_time
ofs-update,0,1,0,1,128,8388608,3,2,0,0,0,0,0,903.065073,22274878080.000000,0,919.259941
ofs-update,0,1,0,1,128,8388608,3,2,16,0.695024,13097920.000000,0.570299,7480640.000000,0,0,16.000000,919.259941
ofs-update,0,1,0,1,128,8388608,3,2,128,0.932593,19002720.000000,0.543657,7509440.000000,0,0,128.000000,919.259941
ofs-update,0,1,0,1,128,8388608,3,2,1024,4.160527,1144177760.000000,2.454931,572929600.000000,0,0,1024.000000,919.259941
ofs-update,0,1,0,1,128,8388608,3,2,4096,4.252328,1144169600.000000,2.314985,572900320.000000,0,0,4096.000000,919.259941
