test,data_mem,aux_mem,ssd,cached,bbs,n,s,lf,id,append,append_bytes,insert,insert_bytes,setup,setup_bytes,vl,total_time
ofs-update,0,1,0,1,32,2048,3,2,0,0,0,0,0,0.201956,1753680.000000,0,0.719710
ofs-update,0,1,0,1,32,2048,3,2,16,0.136178,892704.000000,0.165089,792512.000000,0,0,16.000000,0.719710
ofs-update,0,1,0,1,32,2048,3,2,128,0.051184,438592.000000,0.050574,346016.000000,0,0,128.000000,0.719710
ofs-update,0,1,0,1,32,2048,3,2,1024,0.052382,454912.000000,0.059461,457312.000000,0,0,1024.000000,0.719710
