test,data_mem,aux_mem,ssd,cached,bbs,n,s,lf,id,append,append_bytes,insert,insert_bytes,setup,setup_bytes,vl,total_time
ofs-update,0,0,0,1,128,256,3,2,0,0,0,0,0,0.040212,425808.000000,0,0.144631
ofs-update,0,0,0,1,128,256,3,2,16,0.025539,179392.000000,0.026176,142016.000000,0,0,16.000000,0.144631
ofs-update,0,0,0,1,128,256,3,2,128,0.024645,177472.000000,0.025566,180352.000000,0,0,128.000000,0.144631
