test,data_mem,aux_mem,ssd,cached,bbs,n,s,lf,id,append,append_bytes,insert,insert_bytes,setup,setup_bytes,vl,total_time
ofs-update,0,0,0,1,32,1048576,3,2,0,0,0,0,0,103.272162,1179423360.000000,0,107.749324
ofs-update,0,0,0,1,32,1048576,3,2,16,0.551194,4148896.000000,0.546031,2755808.000000,0,0,16.000000,107.749324
ofs-update,0,0,0,1,32,1048576,3,2,128,0.688135,41243040.000000,0.627499,4407616.000000,0,0,128.000000,107.749324
ofs-update,0,0,0,1,32,1048576,3,2,1024,0.623987,75801568.000000,0.415601,38477024.000000,0,0,1024.000000,107.749324
ofs-update,0,0,0,1,32,1048576,3,2,4096,0.598157,75778048.000000,0.421482,38479904.000000,0,0,4096.000000,107.749324
