test,data_mem,aux_mem,ssd,cached,bbs,n,s,lf,id,append,append_bytes,insert,insert_bytes,setup,setup_bytes,vl,total_time
ofs-update,0,1,0,1,4096,256,3,2,0,0,0,0,0,0.074633,8425296.000000,0,0.211552
ofs-update,0,1,0,1,4096,256,3,2,16,0.031028,2207648.000000,0.031319,1156384.000000,0,0,16.000000,0.211552
ofs-update,0,1,0,1,4096,256,3,2,128,0.034412,2211008.000000,0.037523,2220128.000000,0,0,128.000000,0.211552
