test,data_mem,aux_mem,ssd,cached,bbs,n,s,lf,id,append,append_bytes,insert,insert_bytes,setup,setup_bytes,vl,total_time
ofs-update,0,1,0,1,128,2048,3,2,0,0,0,0,0,0.204335,3320400.000000,0,0.762747
ofs-update,0,1,0,1,128,2048,3,2,16,0.189917,1510848.000000,0.158446,994880.000000,0,0,16.000000,0.762747
ofs-update,0,1,0,1,128,2048,3,2,128,0.052068,839008.000000,0.051704,554144.000000,0,0,128.000000,0.762747
ofs-update,0,1,0,1,128,2048,3,2,1024,0.051340,845728.000000,0.052164,840928.000000,0,0,1024.000000,0.762747
