test,data_mem,aux_mem,ssd,cached,bbs,n,s,lf,id,append,append_bytes,insert,insert_bytes,setup,setup_bytes,vl,total_time
ofs-update,0,0,0,1,128,131072,3,2,0,0,0,0,0,10.433502,347793024.000000,0,13.428192
ofs-update,0,0,0,1,128,131072,3,2,16,0.367374,3703776.000000,0.267231,2294208.000000,0,0,16.000000,13.428192
ofs-update,0,0,0,1,128,131072,3,2,128,0.398769,55105920.000000,0.276313,27948480.000000,0,0,128.000000,13.428192
ofs-update,0,0,0,1,128,131072,3,2,1024,0.434671,55103520.000000,0.281723,27944640.000000,0,0,1024.000000,13.428192
ofs-update,0,0,0,1,128,131072,3,2,4096,0.529627,73947200.000000,0.435271,55120320.000000,0,0,4096.000000,13.428192
