test,data_mem,aux_mem,ssd,cached,bbs,n,s,lf,id,append,append_bytes,insert,insert_bytes,setup,setup_bytes,vl,total_time
ofs-update,0,0,0,1,4096,256,3,2,0,0,0,0,0,0.077235,8425296.000000,0,0.212286
ofs-update,0,0,0,1,4096,256,3,2,16,0.032078,2211488.000000,0.031217,1154464.000000,0,0,16.000000,0.212286
ofs-update,0,0,0,1,4096,256,3,2,128,0.033168,2211008.000000,0.036105,2213888.000000,0,0,128.000000,0.212286
