test,data_mem,aux_mem,ssd,cached,bbs,n,s,lf,id,append,append_bytes,insert,insert_bytes,setup,setup_bytes,vl,total_time
ofs-update,0,0,0,1,128,2048,3,2,0,0,0,0,0,0.203900,3320400.000000,0,0.718373
ofs-update,0,0,0,1,128,2048,3,2,16,0.139718,1506048.000000,0.161035,1010720.000000,0,0,16.000000,0.718373
ofs-update,0,0,0,1,128,2048,3,2,128,0.055156,851488.000000,0.050315,546944.000000,0,0,128.000000,0.718373
ofs-update,0,0,0,1,128,2048,3,2,1024,0.052580,840928.000000,0.053131,852448.000000,0,0,1024.000000,0.718373
