test,data_mem,aux_mem,ssd,cached,bbs,n,s,lf,id,append,append_bytes,insert,insert_bytes,setup,setup_bytes,vl,total_time
ofs-update,0,0,0,1,4096,2048,3,2,0,0,0,0,0,0.507934,68078160.000000,0,1.474106
ofs-update,0,0,0,1,4096,2048,3,2,16,0.233850,25860960.000000,0.181936,9132864.000000,0,0,16.000000,1.474106
ofs-update,0,0,0,1,4096,2048,3,2,128,0.141796,17100576.000000,0.116701,8676288.000000,0,0,128.000000,1.474106
ofs-update,0,0,0,1,4096,2048,3,2,1024,0.143299,17102016.000000,0.145966,17090976.000000,0,0,1024.000000,1.474106
