test,data_mem,aux_mem,ssd,cached,bbs,n,s,lf,id,append,append_bytes,insert,insert_bytes,setup,setup_bytes,vl,total_time
ofs-update,0,1,0,1,4096,2048,3,2,0,0,0,0,0,0.500826,68078160.000000,0,1.490412
ofs-update,0,1,0,1,4096,2048,3,2,16,0.251267,25879680.000000,0.182204,9125664.000000,0,0,16.000000,1.490412
ofs-update,0,1,0,1,4096,2048,3,2,128,0.144754,17104416.000000,0.114031,8678208.000000,0,0,128.000000,1.490412
ofs-update,0,1,0,1,4096,2048,3,2,1024,0.150820,17094336.000000,0.143471,17101056.000000,0,0,1024.000000,1.490412
