test,data_mem,aux_mem,ssd,cached,bbs,n,s,lf,id,append,append_bytes,insert,insert_bytes,setup,setup_bytes,vl,total_time
ofs-update,0,1,0,1,4096,131072,3,2,0,0,0,0,0,41.787316,8603264640.000000,0,72.442536
ofs-update,0,1,0,1,4096,131072,3,2,16,0.536074,52451040.000000,0.338600,26702400.000000,0,0,16.000000,72.442536
ofs-update,0,1,0,1,4096,131072,3,2,128,5.096095,1615383648.000000,2.868743,808071264.000000,0,0,128.000000,72.442536
ofs-update,0,1,0,1,4096,131072,3,2,1024,5.195887,1615368288.000000,2.881756,808091904.000000,0,0,1024.000000,72.442536
ofs-update,0,1,0,1,4096,131072,3,2,4096,8.770528,2154332544.000000,4.957674,1615383168.000000,0,0,4096.000000,72.442536
