test,data_mem,aux_mem,ssd,cached,bbs,n,s,lf,id,insert,insert_bytes,load_data,search,search_bytes,search_false_pos,setup,setup_bytes,total_time
omap,0,0,0,1,4096,8388608,24,1,0,8.829248,54624044.160000,0.000000,6.565407,54641980.800000,13338.870000,1835.161487,139317985056.000000,3374.628928
