test,data_mem,aux_mem,ssd,cached,bbs,n,s,lf,id,append,append_bytes,insert,insert_bytes,setup,setup_bytes,vl,total_time
ofs-update,0,1,0,1,32,131072,3,2,0,0,0,0,0,9.867870,106746960.000000,0,11.700290
ofs-update,0,1,0,1,32,131072,3,2,16,0.363570,2512128.000000,0.265364,1734624.000000,0,0,16.000000,11.700290
ofs-update,0,1,0,1,32,131072,3,2,128,0.199013,13357696.000000,0.189887,7056608.000000,0,0,128.000000,11.700290
ofs-update,0,1,0,1,32,131072,3,2,1024,0.196422,13363456.000000,0.195351,13359136.000000,0,0,1024.000000,11.700290
ofs-update,0,1,0,1,32,131072,3,2,4096,0.202961,13347616.000000,0.210801,13354816.000000,0,0,4096.000000,11.700290
