test,data_mem,aux_mem,ssd,cached,bbs,n,s,lf,id,append,append_bytes,insert,insert_bytes,setup,setup_bytes,vl,total_time
ofs-update,0,0,0,1,128,16384,3,2,0,0,0,0,0,1.390828,26146896.000000,0,2.569887
ofs-update,0,0,0,1,128,16384,3,2,16,0.351269,2750400.000000,0.179927,1268320.000000,0,0,16.000000,2.569887
ofs-update,0,0,0,1,128,16384,3,2,128,0.099427,5207296.000000,0.099375,2839808.000000,0,0,128.000000,2.569887
ofs-update,0,0,0,1,128,16384,3,2,1024,0.103378,5196256.000000,0.127654,5202016.000000,0,0,1024.000000,2.569887
ofs-update,0,0,0,1,128,16384,3,2,4096,0.100574,5186176.000000,0.114572,5198176.000000,0,0,4096.000000,2.569887
