test,data_mem,aux_mem,ssd,cached,bbs,n,s,lf,id,append,append_bytes,insert,insert_bytes,setup,setup_bytes,vl,total_time
ofs-update,0,0,0,1,4096,16384,3,2,0,0,0,0,0,3.526198,545732688.000000,0,8.593468
ofs-update,0,0,0,1,4096,16384,3,2,16,0.461466,33223680.000000,0.204356,11417280.000000,0,0,16.000000,8.593468
ofs-update,0,0,0,1,4096,16384,3,2,128,0.745781,135222560.000000,0.600010,67841920.000000,0,0,128.000000,8.593468
ofs-update,0,0,0,1,4096,16384,3,2,1024,0.736783,135208160.000000,0.757971,135221600.000000,0,0,1024.000000,8.593468
ofs-update,0,0,0,1,4096,16384,3,2,4096,0.748663,135236000.000000,0.807163,135225440.000000,0,0,4096.000000,8.593468
