test,data_mem,aux_mem,ssd,cached,bbs,n,s,lf,id,append,append_bytes,insert,insert_bytes,setup,setup_bytes,vl,total_time
ofs-update,1,1,0,1,128,8388608,3,2,0,0,0,0,0,884.105404,22274878080.000000,0,898.270655
ofs-update,1,1,0,1,128,8388608,3,2,16,1.038956,13079200.000000,0.815333,7495520.000000,0,0,16.000000,898.270655
ofs-update,1,1,0,1,128,8388608,3,2,128,1.267309,18988320.000000,0.787022,7504160.000000,0,0,128.000000,898.270655
ofs-update,1,1,0,1,128,8388608,3,2,1024,2.933998,1144174400.000000,1.731971,572902240.000000,0,0,1024.000000,898.270655
ofs-update,1,1,0,1,128,8388608,3,2,4096,2.879119,1144163360.000000,1.665880,572921440.000000,0,0,4096.000000,898.270655
