test,data_mem,aux_mem,ssd,cached,bbs,n,s,lf,id,append,append_bytes,insert,insert_bytes,setup,setup_bytes,vl,total_time
ofs-update,1,1,0,1,32,2048,3,2,0,0,0,0,0,0.225916,1753680.000000,0,0.859917
ofs-update,1,1,0,1,32,2048,3,2,16,0.173962,902784.000000,0.198701,817472.000000,0,0,16.000000,0.859917
ofs-update,1,1,0,1,32,2048,3,2,128,0.070496,455392.000000,0.060726,359936.000000,0,0,128.000000,0.859917
ofs-update,1,1,0,1,32,2048,3,2,1024,0.064820,451072.000000,0.061565,447232.000000,0,0,1024.000000,0.859917
