test,data_mem,aux_mem,ssd,cached,bbs,n,s,lf,id,append,append_bytes,insert,insert_bytes,setup,setup_bytes,vl,total_time
ofs-update,1,1,0,1,32,1048576,3,2,0,0,0,0,0,91.437439,1179423360.000000,0,96.470252
ofs-update,1,1,0,1,32,1048576,3,2,16,0.657571,4158016.000000,0.514608,2769728.000000,0,0,16.000000,96.470252
ofs-update,1,1,0,1,32,1048576,3,2,128,0.815119,41229600.000000,0.785450,4382656.000000,0,0,128.000000,96.470252
ofs-update,1,1,0,1,32,1048576,3,2,1024,0.655544,75777568.000000,0.439999,38485664.000000,0,0,1024.000000,96.470252
ofs-update,1,1,0,1,32,1048576,3,2,4096,0.612134,75801088.000000,0.443502,38463104.000000,0,0,4096.000000,96.470252
