test,data_mem,aux_mem,ssd,cached,bbs,n,s,lf,id,append,append_bytes,insert,insert_bytes,setup,setup_bytes,vl,total_time
ofs-update,1,1,0,1,128,131072,3,2,0,0,0,0,0,12.805747,347793024.000000,0,16.188714
ofs-update,1,1,0,1,128,131072,3,2,16,0.487698,3685536.000000,0.332785,2319168.000000,0,0,16.000000,16.188714
ofs-update,1,1,0,1,128,131072,3,2,128,0.520419,55109760.000000,0.294978,27913920.000000,0,0,128.000000,16.188714
ofs-update,1,1,0,1,128,131072,3,2,1024,0.418595,55109280.000000,0.321454,27925920.000000,0,0,1024.000000,16.188714
ofs-update,1,1,0,1,128,131072,3,2,4096,0.521811,73938560.000000,0.448956,55116960.000000,0,0,4096.000000,16.188714
