test,data_mem,aux_mem,ssd,cached,bbs,n,s,lf,id,append,append_bytes,insert,insert_bytes,setup,setup_bytes,vl,total_time
ofs-update,1,1,0,1,4096,2048,3,2,0,0,0,0,0,0.416132,68078160.000000,0,1.352652
ofs-update,1,1,0,1,4096,2048,3,2,16,0.238966,25864800.000000,0.210883,9128064.000000,0,0,16.000000,1.352652
ofs-update,1,1,0,1,4096,2048,3,2,128,0.126601,17104896.000000,0.097654,8675808.000000,0,0,128.000000,1.352652
ofs-update,1,1,0,1,4096,2048,3,2,1024,0.124758,17097696.000000,0.126022,17097216.000000,0,0,1024.000000,1.352652
