test,data_mem,aux_mem,ssd,cached,bbs,n,s,lf,id,append,append_bytes,insert,insert_bytes,setup,setup_bytes,vl,total_time
ofs-update,1,1,0,1,4096,1048576,3,2,0,0,0,0,0,283.868814,69093610112.000000,0,361.506762
ofs-update,1,1,0,1,4096,1048576,3,2,16,0.932326,120687264.000000,0.740492,61036032.000000,0,0,16.000000,361.506762
ofs-update,1,1,0,1,4096,1048576,3,2,128,10.311218,3886511424.000000,1.204367,120915744.000000,0,0,128.000000,361.506762
ofs-update,1,1,0,1,4096,1048576,3,2,1024,19.743218,7533276480.000000,10.348453,3767215680.000000,0,0,1024.000000,361.506762
ofs-update,1,1,0,1,4096,1048576,3,2,4096,20.467588,7533272640.000000,10.890734,3767223360.000000,0,0,4096.000000,361.506762
