test,data_mem,aux_mem,ssd,cached,bbs,n,s,lf,id,append,append_bytes,insert,insert_bytes,setup,setup_bytes,vl,total_time
ofs-update,1,1,0,1,128,256,3,2,0,0,0,0,0,0.046784,425808.000000,0,0.157230
ofs-update,1,1,0,1,128,256,3,2,16,0.027418,182272.000000,0.027206,146816.000000,0,0,16.000000,0.157230
ofs-update,1,1,0,1,128,256,3,2,128,0.026727,178912.000000,0.026216,175552.000000,0,0,128.000000,0.157230
