test,data_mem,aux_mem,ssd,cached,bbs,n,s,lf,id,append,append_bytes,insert,insert_bytes,setup,setup_bytes,vl,total_time
ofs-update,1,1,0,1,32,256,3,2,0,0,0,0,0,0.032145,122400.000000,0,0.151752
ofs-update,1,1,0,1,32,256,3,2,16,0.029648,127840.000000,0.030165,125600.000000,0,0,16.000000,0.151752
ofs-update,1,1,0,1,32,256,3,2,128,0.026888,127840.000000,0.029130,123520.000000,0,0,128.000000,0.151752
