test,data_mem,aux_mem,ssd,cached,bbs,n,s,lf,id,append,append_bytes,insert,insert_bytes,setup,setup_bytes,vl,total_time
ofs-update,1,1,0,1,128,16384,3,2,0,0,0,0,0,1.728783,26146896.000000,0,3.154334
ofs-update,1,1,0,1,128,16384,3,2,16,0.399628,2738400.000000,0.262812,1267360.000000,0,0,16.000000,3.154334
ofs-update,1,1,0,1,128,16384,3,2,128,0.121948,5191456.000000,0.118816,2849888.000000,0,0,128.000000,3.154334
ofs-update,1,1,0,1,128,16384,3,2,1024,0.129190,5199136.000000,0.125362,5187616.000000,0,0,1024.000000,3.154334
ofs-update,1,1,0,1,128,16384,3,2,4096,0.132015,5210656.000000,0.126086,5195776.000000,0,0,4096.000000,3.154334
