test,data_mem,aux_mem,ssd,cached,bbs,n,s,lf,id,append,append_bytes,insert,insert_bytes,setup,setup_bytes,vl,total_time
ofs-update,0,0,1,1,4096,2048,3,2,0,0,0,0,0,0.419667,68078160.000000,0,1.347148
ofs-update,0,0,1,1,4096,2048,3,2,16,0.223217,25858560.000000,0.194766,9127104.000000,0,0,16.000000,1.347148
ofs-update,0,0,1,1,4096,2048,3,2,128,0.116400,17104416.000000,0.106457,8678208.000000,0,0,128.000000,1.347148
ofs-update,0,0,1,1,4096,2048,3,2,1024,0.143940,17100096.000000,0.138727,17091936.000000,0,0,1024.000000,1.347148
