test,data_mem,aux_mem,ssd,cached,bbs,n,s,lf,id,append,append_bytes,insert,insert_bytes,setup,setup_bytes,vl,total_time
ofs-update,0,1,1,1,128,8388608,3,2,0,0,0,0,0,878.048773,22274878080.000000,0,894.218948
ofs-update,0,1,1,1,128,8388608,3,2,16,1.106275,13098400.000000,0.834921,7509920.000000,0,0,16.000000,894.218948
ofs-update,0,1,1,1,128,8388608,3,2,128,1.575806,19027680.000000,0.865829,7501760.000000,0,0,128.000000,894.218948
ofs-update,0,1,1,1,128,8388608,3,2,1024,3.800180,1144149440.000000,2.137192,572897920.000000,0,0,1024.000000,894.218948
ofs-update,0,1,1,1,128,8388608,3,2,4096,3.550207,1144153280.000000,2.054398,572905120.000000,0,0,4096.000000,894.218948
