test,data_mem,aux_mem,ssd,cached,bbs,n,s,lf,id,append,append_bytes,insert,insert_bytes,setup,setup_bytes,vl,total_time
ofs-update,0,0,1,1,4096,16384,3,2,0,0,0,0,0,2.995458,545732688.000000,0,7.083593
ofs-update,0,0,1,1,4096,16384,3,2,16,0.474426,33223200.000000,0.287094,11428320.000000,0,0,16.000000,7.083593
ofs-update,0,0,1,1,4096,16384,3,2,128,0.487746,135222080.000000,0.603296,67847680.000000,0,0,128.000000,7.083593
ofs-update,0,0,1,1,4096,16384,3,2,1024,0.514382,135219680.000000,0.566767,135221600.000000,0,0,1024.000000,7.083593
ofs-update,0,0,1,1,4096,16384,3,2,4096,0.534795,135232640.000000,0.616758,135224480.000000,0,0,4096.000000,7.083593
