test,data_mem,aux_mem,ssd,cached,bbs,n,s,lf,id,append,append_bytes,insert,insert_bytes,setup,setup_bytes,vl,total_time
ofs-update,0,0,1,1,128,131072,3,2,0,0,0,0,0,12.929109,347793024.000000,0,16.316135
ofs-update,0,0,1,1,128,131072,3,2,16,0.473359,3710976.000000,0.342378,2318688.000000,0,0,16.000000,16.316135
ofs-update,0,0,1,1,128,131072,3,2,128,0.440657,55081920.000000,0.342042,27954240.000000,0,0,128.000000,16.316135
ofs-update,0,0,1,1,128,131072,3,2,1024,0.465216,55115520.000000,0.324668,27943680.000000,0,0,1024.000000,16.316135
ofs-update,0,0,1,1,128,131072,3,2,4096,0.534918,73959680.000000,0.459239,55126560.000000,0,0,4096.000000,16.316135
