test,data_mem,aux_mem,ssd,cached,bbs,n,s,lf,id,append,append_bytes,insert,insert_bytes,setup,setup_bytes,vl,total_time
ofs-update,0,1,1,1,4096,2048,3,2,0,0,0,0,0,0.401200,68078160.000000,0,1.357291
ofs-update,0,1,1,1,4096,2048,3,2,16,0.247281,25878240.000000,0.221621,9144384.000000,0,0,16.000000,1.357291
ofs-update,0,1,1,1,4096,2048,3,2,128,0.125914,17102016.000000,0.104804,8673888.000000,0,0,128.000000,1.357291
ofs-update,0,1,1,1,4096,2048,3,2,1024,0.127714,17101056.000000,0.124335,17103456.000000,0,0,1024.000000,1.357291
