test,data_mem,aux_mem,ssd,cached,bbs,n,s,lf,id,append,append_bytes,insert,insert_bytes,setup,setup_bytes,vl,total_time
ofs-update,0,0,1,1,128,1048576,3,2,0,0,0,0,0,93.463101,2783695488.000000,0,99.951748
ofs-update,0,0,1,1,128,1048576,3,2,16,0.695273,6902848.000000,0.488457,4144064.000000,0,0,16.000000,99.951748
ofs-update,0,0,1,1,128,1048576,3,2,128,1.040875,132069216.000000,0.788606,7157728.000000,0,0,128.000000,99.951748
ofs-update,0,0,1,1,128,1048576,3,2,1024,1.065670,251947936.000000,0.673388,126567968.000000,0,0,1024.000000,99.951748
ofs-update,0,0,1,1,128,1048576,3,2,4096,1.108387,251936416.000000,0.622799,126562208.000000,0,0,4096.000000,99.951748
