test,data_mem,aux_mem,ssd,cached,bbs,n,s,lf,id,append,append_bytes,insert,insert_bytes,setup,setup_bytes,vl,total_time
ofs-update,0,1,1,1,128,16384,3,2,0,0,0,0,0,1.758743,26146896.000000,0,3.304519
ofs-update,0,1,1,1,128,16384,3,2,16,0.467677,2710560.000000,0.250524,1249120.000000,0,0,16.000000,3.304519
ofs-update,0,1,1,1,128,16384,3,2,128,0.122192,5197696.000000,0.131180,2837408.000000,0,0,128.000000,3.304519
ofs-update,0,1,1,1,128,16384,3,2,1024,0.124969,5208256.000000,0.162014,5191936.000000,0,0,1024.000000,3.304519
ofs-update,0,1,1,1,128,16384,3,2,4096,0.123584,5209696.000000,0.160227,5192416.000000,0,0,4096.000000,3.304519
