test,data_mem,aux_mem,ssd,cached,bbs,n,s,lf,id,append,append_bytes,insert,insert_bytes,setup,setup_bytes,vl,total_time
ofs-update,0,0,1,1,32,8388608,3,2,0,0,0,0,0,770.861087,9415240320.000000,0,779.534909
ofs-update,0,0,1,1,32,8388608,3,2,16,1.037415,6770464.000000,0.776210,4352672.000000,0,0,16.000000,779.534909
ofs-update,0,0,1,1,32,8388608,3,2,128,1.370680,9543936.000000,0.734411,4355552.000000,0,0,128.000000,779.534909
ofs-update,0,0,1,1,32,8388608,3,2,1024,1.445446,338873312.000000,0.936610,170255776.000000,0,0,1024.000000,779.534909
ofs-update,0,0,1,1,32,8388608,3,2,4096,1.460541,338854592.000000,0.905912,170253856.000000,0,0,4096.000000,779.534909
