test,data_mem,aux_mem,ssd,cached,bbs,n,s,lf,id,append,append_bytes,insert,insert_bytes,setup,setup_bytes,vl,total_time
ofs-update,0,0,1,1,4096,131072,3,2,0,0,0,0,0,36.929164,8603264640.000000,0,64.164869
ofs-update,0,0,1,1,4096,131072,3,2,16,0.556949,52451040.000000,0.457959,26721120.000000,0,0,16.000000,64.164869
ofs-update,0,0,1,1,4096,131072,3,2,128,4.390920,1615381248.000000,2.505431,808084224.000000,0,0,128.000000,64.164869
ofs-update,0,0,1,1,4096,131072,3,2,1024,4.711128,1615371168.000000,2.424426,808081824.000000,0,0,1024.000000,64.164869
ofs-update,0,0,1,1,4096,131072,3,2,4096,7.485254,2154321984.000000,4.697961,1615382688.000000,0,0,4096.000000,64.164869
