test,data_mem,aux_mem,ssd,cached,bbs,n,s,lf,id,append,append_bytes,insert,insert_bytes,setup,setup_bytes,vl,total_time
ofs-update,0,1,1,1,32,8388608,3,2,0,0,0,0,0,753.726057,9415240320.000000,0,763.136770
ofs-update,0,1,1,1,32,8388608,3,2,16,1.092001,6787264.000000,0.782314,4351712.000000,0,0,16.000000,763.136770
ofs-update,0,1,1,1,32,8388608,3,2,128,1.468177,9566496.000000,0.802112,4344992.000000,0,0,128.000000,763.136770
ofs-update,0,1,1,1,32,8388608,3,2,1024,1.505619,338863712.000000,0.980356,170250016.000000,0,0,1024.000000,763.136770
ofs-update,0,1,1,1,32,8388608,3,2,4096,1.496956,338878592.000000,1.004920,170265376.000000,0,0,4096.000000,763.136770
