test,data_mem,aux_mem,ssd,cached,bbs,n,s,lf,id,append,append_bytes,insert,insert_bytes,setup,setup_bytes,vl,total_time
ofs-update,0,0,1,1,32,1048576,3,2,0,0,0,0,0,90.401740,1179423360.000000,0,95.092913
ofs-update,0,0,1,1,32,1048576,3,2,16,0.664082,4150336.000000,0.471360,2758688.000000,0,0,16.000000,95.092913
ofs-update,0,0,1,1,32,1048576,3,2,128,0.776448,41262720.000000,0.665896,4378336.000000,0,0,128.000000,95.092913
ofs-update,0,0,1,1,32,1048576,3,2,1024,0.613798,75786208.000000,0.420214,38480864.000000,0,0,1024.000000,95.092913
ofs-update,0,0,1,1,32,1048576,3,2,4096,0.640459,75820768.000000,0.434366,38494784.000000,0,0,4096.000000,95.092913
