test,data_mem,aux_mem,ssd,cached,bbs,n,s,lf,id,append,append_bytes,insert,insert_bytes,setup,setup_bytes,vl,total_time
ofs-update,0,1,1,1,4096,131072,3,2,0,0,0,0,0,32.053874,8603264640.000000,0,52.182692
ofs-update,0,1,1,1,4096,131072,3,2,16,0.538399,52446240.000000,0.455421,26689920.000000,0,0,16.000000,52.182692
ofs-update,0,1,1,1,4096,131072,3,2,128,3.390858,1615363008.000000,1.988830,808080864.000000,0,0,128.000000,52.182692
ofs-update,0,1,1,1,4096,131072,3,2,1024,3.370051,1615380768.000000,1.910654,808077984.000000,0,0,1024.000000,52.182692
ofs-update,0,1,1,1,4096,131072,3,2,4096,5.304696,2154320064.000000,3.153416,1615385568.000000,0,0,4096.000000,52.182692
