test,data_mem,aux_mem,ssd,cached,bbs,n,s,lf,id,append,append_bytes,insert,insert_bytes,setup,setup_bytes,vl,total_time
ofs-update,0,0,1,1,32,256,3,2,0,0,0,0,0,0.003435,15664.000000,0,0.038414
ofs-update,0,0,1,1,32,256,3,2,16,0.009460,131920.000000,0.006818,89840.000000,0,0,16.000000,0.038414
ofs-update,0,0,1,1,32,256,3,2,128,0.008930,130480.000000,0.007807,120640.000000,0,0,128.000000,0.038414
