test,data_mem,aux_mem,ssd,cached,bbs,n,s,lf,id,append,append_bytes,insert,insert_bytes,setup,setup_bytes,vl,total_time
ofs-update,0,1,0,1,128,1048576,3,2,0,0,0,0,0,93.699721,2783695488.000000,0,100.218092
ofs-update,0,1,0,1,128,1048576,3,2,16,0.581087,6897088.000000,0.501757,4150304.000000,0,0,16.000000,100.218092
ofs-update,0,1,0,1,128,1048576,3,2,128,0.931512,132101856.000000,0.637039,7131328.000000,0,0,128.000000,100.218092
ofs-update,0,1,0,1,128,1048576,3,2,1024,1.162915,251948896.000000,0.752803,126553088.000000,0,0,1024.000000,100.218092
ofs-update,0,1,0,1,128,1048576,3,2,4096,1.157956,251939296.000000,0.753254,126565088.000000,0,0,4096.000000,100.218092
