test,data_mem,aux_mem,ssd,cached,bbs,n,s,lf,id,append,append_bytes,insert,insert_bytes,setup,setup_bytes,vl,total_time
ofs-update,0,1,0,1,128,16384,3,2,0,0,0,0,0,1.397236,26146896.000000,0,2.571768
ofs-update,0,1,0,1,128,16384,3,2,16,0.329708,2729280.000000,0.179778,1276000.000000,0,0,16.000000,2.571768
ofs-update,0,1,0,1,128,16384,3,2,128,0.112500,5209696.000000,0.097152,2836448.000000,0,0,128.000000,2.571768
ofs-update,0,1,0,1,128,16384,3,2,1024,0.116114,5198656.000000,0.122325,5205856.000000,0,0,1024.000000,2.571768
ofs-update,0,1,0,1,128,16384,3,2,4096,0.103601,5205376.000000,0.109382,5192416.000000,0,0,4096.000000,2.571768
