test,data_mem,aux_mem,ssd,cached,bbs,n,s,lf,id,append,append_bytes,insert,insert_bytes,setup,setup_bytes,vl,total_time
ofs-update,0,1,0,1,128,131072,3,2,0,0,0,0,0,10.467398,347793024.000000,0,13.454263
ofs-update,0,1,0,1,128,131072,3,2,16,0.383391,3704256.000000,0.280553,2308608.000000,0,0,16.000000,13.454263
ofs-update,0,1,0,1,128,131072,3,2,128,0.394133,55092000.000000,0.287251,27953760.000000,0,0,128.000000,13.454263
ofs-update,0,1,0,1,128,131072,3,2,1024,0.412634,55108320.000000,0.266756,27944640.000000,0,0,1024.000000,13.454263
ofs-update,0,1,0,1,128,131072,3,2,4096,0.534193,73944800.000000,0.418409,55120320.000000,0,0,4096.000000,13.454263
