test,data_mem,aux_mem,ssd,cached,bbs,n,s,lf,id,append,append_bytes,insert,insert_bytes,setup,setup_bytes,vl,total_time
ofs-update,0,0,0,1,32,2048,3,2,0,0,0,0,0,0.204808,1753680.000000,0,0.718066
ofs-update,0,0,0,1,32,2048,3,2,16,0.138178,900864.000000,0.163599,804512.000000,0,0,16.000000,0.718066
ofs-update,0,0,0,1,32,2048,3,2,128,0.051927,450112.000000,0.051785,350336.000000,0,0,128.000000,0.718066
ofs-update,0,0,0,1,32,2048,3,2,1024,0.052418,452992.000000,0.052758,454912.000000,0,0,1024.000000,0.718066
