test,data_mem,aux_mem,ssd,cached,bbs,n,s,lf,id,append,append_bytes,insert,insert_bytes,setup,setup_bytes,vl,total_time
ofs-update,0,0,0,1,32,256,3,2,0,0,0,0,0,0.027738,122400.000000,0,0.127424
ofs-update,0,0,0,1,32,256,3,2,16,0.024029,129280.000000,0.024213,116480.000000,0,0,16.000000,0.127424
ofs-update,0,0,0,1,32,256,3,2,128,0.024888,133600.000000,0.024928,130240.000000,0,0,128.000000,0.127424
