test,data_mem,aux_mem,ssd,cached,bbs,n,s,lf,id,append,append_bytes,insert,insert_bytes,setup,setup_bytes,vl,total_time
ofs-update,0,0,0,1,32,8388608,3,2,0,0,0,0,0,697.084953,9415240320.000000,0,705.070237
ofs-update,0,0,0,1,32,8388608,3,2,16,0.688442,6782944.000000,0.603803,4344992.000000,0,0,16.000000,705.070237
ofs-update,0,0,0,1,32,8388608,3,2,128,0.951999,9582336.000000,0.610649,4350272.000000,0,0,128.000000,705.070237
ofs-update,0,0,0,1,32,8388608,3,2,1024,1.535680,338855552.000000,0.948453,170231776.000000,0,0,1024.000000,705.070237
ofs-update,0,0,0,1,32,8388608,3,2,4096,1.703645,338851232.000000,0.938372,170243296.000000,0,0,4096.000000,705.070237
