test,data_mem,aux_mem,ssd,cached,bbs,n,s,lf,id,append,append_bytes,insert,insert_bytes,setup,setup_bytes,vl,total_time
ofs-update,0,0,0,1,32,131072,3,2,0,0,0,0,0,9.326372,106746960.000000,0,11.091312
ofs-update,0,0,0,1,32,131072,3,2,16,0.401636,2525088.000000,0.274270,1743264.000000,0,0,16.000000,11.091312
ofs-update,0,0,0,1,32,131072,3,2,128,0.191376,13361536.000000,0.173783,7061408.000000,0,0,128.000000,11.091312
ofs-update,0,0,0,1,32,131072,3,2,1024,0.176155,13356736.000000,0.186152,13358176.000000,0,0,1024.000000,11.091312
ofs-update,0,0,0,1,32,131072,3,2,4096,0.175656,13358176.000000,0.182979,13351936.000000,0,0,4096.000000,11.091312
