test,data_mem,aux_mem,ssd,cached,bbs,n,s,lf,id,append,append_bytes,insert,insert_bytes,setup,setup_bytes,vl,total_time
ofs-update,0,1,0,1,128,256,3,2,0,0,0,0,0,0.041402,425808.000000,0,0.146648
ofs-update,0,1,0,1,128,256,3,2,16,0.025572,183712.000000,0.026208,143936.000000,0,0,16.000000,0.146648
ofs-update,0,1,0,1,128,256,3,2,128,0.024574,179392.000000,0.026546,184672.000000,0,0,128.000000,0.146648
