test,data_mem,aux_mem,ssd,cached,bbs,n,s,lf,id,append,append_bytes,insert,insert_bytes,setup,setup_bytes,vl,total_time
ofs-update,0,1,0,1,32,1048576,3,2,0,0,0,0,0,71.969849,1179423360.000000,0,76.052621
ofs-update,0,1,0,1,32,1048576,3,2,16,0.483646,4155136.000000,0.375155,2761088.000000,0,0,16.000000,76.052621
ofs-update,0,1,0,1,32,1048576,3,2,128,0.656728,41267520.000000,0.549841,4378336.000000,0,0,128.000000,76.052621
ofs-update,0,1,0,1,32,1048576,3,2,1024,0.596485,75807808.000000,0.396832,38477024.000000,0,0,1024.000000,76.052621
ofs-update,0,1,0,1,32,1048576,3,2,4096,0.591237,75797248.000000,0.386974,38490944.000000,0,0,4096.000000,76.052621
