test,data_mem,aux_mem,ssd,cached,bbs,n,s,lf,id,append,append_bytes,insert,insert_bytes,setup,setup_bytes,vl,total_time
ofs-update,0,0,0,1,32,16384,3,2,0,0,0,0,0,1.305872,13576272.000000,0,2.406393
ofs-update,0,0,0,1,32,16384,3,2,16,0.338838,2022240.000000,0.183762,1028800.000000,0,0,16.000000,2.406393
ofs-update,0,0,0,1,32,16384,3,2,128,0.097105,2058208.000000,0.088542,1263104.000000,0,0,128.000000,2.406393
ofs-update,0,0,0,1,32,16384,3,2,1024,0.096108,2056288.000000,0.095766,2049088.000000,0,0,1024.000000,2.406393
ofs-update,0,0,0,1,32,16384,3,2,4096,0.094769,2055328.000000,0.102609,2049568.000000,0,0,4096.000000,2.406393
