test,data_mem,aux_mem,ssd,cached,bbs,n,s,lf,id,append,append_bytes,insert,insert_bytes,setup,setup_bytes,vl,total_time
ofs-update,0,0,0,1,128,8388608,3,2,0,0,0,0,0,942.785250,22274878080.000000,0,961.468240
ofs-update,0,0,0,1,128,8388608,3,2,16,0.713044,13060960.000000,0.605752,7488320.000000,0,0,16.000000,961.468240
ofs-update,0,0,0,1,128,8388608,3,2,128,0.927935,18999360.000000,0.579543,7504640.000000,0,0,128.000000,961.468240
ofs-update,0,0,0,1,128,8388608,3,2,1024,5.291672,1144191680.000000,2.760546,572908000.000000,0,0,1024.000000,961.468240
ofs-update,0,0,0,1,128,8388608,3,2,4096,5.110742,1144171520.000000,2.689032,572910880.000000,0,0,4096.000000,961.468240
