test,data_mem,aux_mem,ssd,cached,bbs,n,s,lf,id,append,append_bytes,insert,insert_bytes,setup,setup_bytes,vl,total_time
ofs-update,0,1,0,1,32,8388608,3,2,0,0,0,0,0,694.243755,9415240320.000000,0,702.785126
ofs-update,0,1,0,1,32,8388608,3,2,16,0.716589,6796864.000000,0.709496,4362752.000000,0,0,16.000000,702.785126
ofs-update,0,1,0,1,32,8388608,3,2,128,0.933254,9527616.000000,0.547869,4374272.000000,0,0,128.000000,702.785126
ofs-update,0,1,0,1,32,8388608,3,2,1024,1.596859,338839712.000000,0.973143,170257216.000000,0,0,1024.000000,702.785126
ofs-update,0,1,0,1,32,8388608,3,2,4096,1.779904,338855072.000000,1.000393,170256256.000000,0,0,4096.000000,702.785126
