test,data_mem,aux_mem,ssd,cached,bbs,n,s,lf,id,append,append_bytes,insert,insert_bytes,setup,setup_bytes,vl,total_time
ofs-update,0,1,0,1,4096,16384,3,2,0,0,0,0,0,3.585202,545732688.000000,0,8.826608
ofs-update,0,1,0,1,4096,16384,3,2,16,0.439587,33212640.000000,0.218883,11426880.000000,0,0,16.000000,8.826608
ofs-update,0,1,0,1,4096,16384,3,2,128,0.755768,135211520.000000,0.824076,67847200.000000,0,0,128.000000,8.826608
ofs-update,0,1,0,1,4096,16384,3,2,1024,0.735877,135222080.000000,0.746516,135230240.000000,0,0,1024.000000,8.826608
ofs-update,0,1,0,1,4096,16384,3,2,4096,0.762807,135222080.000000,0.753925,135224000.000000,0,0,4096.000000,8.826608
