test,data_mem,aux_mem,ssd,cached,bbs,n,s,lf,id,append,append_bytes,insert,insert_bytes,setup,setup_bytes,vl,total_time
ofs-update,0,1,0,1,32,16384,3,2,0,0,0,0,0,1.330420,13576272.000000,0,2.437002
ofs-update,0,1,0,1,32,16384,3,2,16,0.353068,2001120.000000,0.181565,1032160.000000,0,0,16.000000,2.437002
ofs-update,0,1,0,1,32,16384,3,2,128,0.096413,2067328.000000,0.087396,1264064.000000,0,0,128.000000,2.437002
ofs-update,0,1,0,1,32,16384,3,2,1024,0.094956,2055808.000000,0.101333,2053888.000000,0,0,1024.000000,2.437002
ofs-update,0,1,0,1,32,16384,3,2,4096,0.095399,2061088.000000,0.092616,2042368.000000,0,0,4096.000000,2.437002
