test,data_mem,aux_mem,ssd,cached,bbs,n,s,lf,id,append,append_bytes,insert,insert_bytes,setup,setup_bytes,vl,total_time
ofs-update,1,1,0,1,32,8388608,3,2,0,0,0,0,0,789.660149,9415240320.000000,0,799.083820
ofs-update,1,1,0,1,32,8388608,3,2,16,1.102921,6790624.000000,0.817095,4332512.000000,0,0,16.000000,799.083820
ofs-update,1,1,0,1,32,8388608,3,2,128,1.450870,9551616.000000,0.748893,4353152.000000,0,0,128.000000,799.083820
ofs-update,1,1,0,1,32,8388608,3,2,1024,1.471600,338880032.000000,0.968633,170241856.000000,0,0,1024.000000,799.083820
ofs-update,1,1,0,1,32,8388608,3,2,4096,1.364165,338857952.000000,0.972181,170251936.000000,0,0,4096.000000,799.083820
