test,data_mem,aux_mem,ssd,cached,bbs,n,s,lf,id,append,append_bytes,insert,insert_bytes,setup,setup_bytes,vl,total_time
ofs-update,1,1,0,1,4096,131072,3,2,0,0,0,0,0,31.421438,8603264640.000000,0,52.657962
ofs-update,1,1,0,1,4096,131072,3,2,16,0.590619,52481280.000000,0.395139,26697120.000000,0,0,16.000000,52.657962
ofs-update,1,1,0,1,4096,131072,3,2,128,3.582326,1615381728.000000,2.022762,808088064.000000,0,0,128.000000,52.657962
ofs-update,1,1,0,1,4096,131072,3,2,1024,3.245093,1615384608.000000,2.038590,808088544.000000,0,0,1024.000000,52.657962
ofs-update,1,1,0,1,4096,131072,3,2,4096,5.535293,2154316704.000000,3.329823,1615414368.000000,0,0,4096.000000,52.657962
