test,data_mem,aux_mem,ssd,cached,bbs,n,s,lf,id,append,append_bytes,insert,insert_bytes,setup,setup_bytes,vl,total_time
ofs-update,1,1,0,1,4096,256,3,2,0,0,0,0,0,0.074919,8425296.000000,0,0.210446
ofs-update,1,1,0,1,4096,256,3,2,16,0.032834,2211968.000000,0.032564,1160224.000000,0,0,16.000000,0.210446
ofs-update,1,1,0,1,4096,256,3,2,128,0.033073,2205248.000000,0.032891,2206688.000000,0,0,128.000000,0.210446
