test,data_mem,aux_mem,ssd,cached,bbs,n,s,lf,id,append,append_bytes,insert,insert_bytes,setup,setup_bytes,vl,total_time
ofs-update,1,1,0,1,128,1048576,3,2,0,0,0,0,0,107.511986,2783695488.000000,0,114.439009
ofs-update,1,1,0,1,128,1048576,3,2,16,0.793573,6891328.000000,0.567714,4123904.000000,0,0,16.000000,114.439009
ofs-update,1,1,0,1,128,1048576,3,2,128,1.110782,132106656.000000,0.833506,7132288.000000,0,0,128.000000,114.439009
ofs-update,1,1,0,1,128,1048576,3,2,1024,1.031888,251951296.000000,0.700544,126567488.000000,0,0,1024.000000,114.439009
ofs-update,1,1,0,1,128,1048576,3,2,4096,1.059774,251972416.000000,0.639008,126555968.000000,0,0,4096.000000,114.439009
