test,data_mem,aux_mem,ssd,cached,bbs,n,s,lf,id,append,append_bytes,insert,insert_bytes,setup,setup_bytes,vl,total_time
ofs-update,1,1,0,1,128,2048,3,2,0,0,0,0,0,0.256284,3320400.000000,0,0.879415
ofs-update,1,1,0,1,128,2048,3,2,16,0.165664,1467168.000000,0.187835,1005920.000000,0,0,16.000000,0.879415
ofs-update,1,1,0,1,128,2048,3,2,128,0.064021,850048.000000,0.063684,546464.000000,0,0,128.000000,0.879415
ofs-update,1,1,0,1,128,2048,3,2,1024,0.067494,849088.000000,0.068949,842848.000000,0,0,1024.000000,0.879415
