test,data_mem,aux_mem,ssd,cached,bbs,n,s,lf,id,append,append_bytes,insert,insert_bytes,setup,setup_bytes,vl,total_time
ofs-update,1,1,0,1,4096,16384,3,2,0,0,0,0,0,2.824678,545732688.000000,0,6.463371
ofs-update,1,1,0,1,4096,16384,3,2,16,0.493458,33212640.000000,0.259905,11424480.000000,0,0,16.000000,6.463371
ofs-update,1,1,0,1,4096,16384,3,2,128,0.485196,135216800.000000,0.415653,67865440.000000,0,0,128.000000,6.463371
ofs-update,1,1,0,1,4096,16384,3,2,1024,0.500999,135225440.000000,0.478075,135208640.000000,0,0,1024.000000,6.463371
ofs-update,1,1,0,1,4096,16384,3,2,4096,0.465654,135219680.000000,0.493916,135214400.000000,0,0,4096.000000,6.463371
