test,data_mem,aux_mem,ssd,cached,bbs,n,s,lf,id,append,append_bytes,insert,insert_bytes,setup,setup_bytes,vl,total_time
ofs-update,1,1,0,1,32,16384,3,2,0,0,0,0,0,1.660809,13576272.000000,0,3.071224
ofs-update,1,1,0,1,32,16384,3,2,16,0.457791,2004480.000000,0.236780,1019200.000000,0,0,16.000000,3.071224
ofs-update,1,1,0,1,32,16384,3,2,128,0.103848,2055808.000000,0.147734,1265504.000000,0,0,128.000000,3.071224
ofs-update,1,1,0,1,32,16384,3,2,1024,0.105458,2057248.000000,0.117400,2056288.000000,0,0,1024.000000,3.071224
ofs-update,1,1,0,1,32,16384,3,2,4096,0.109091,2057248.000000,0.126638,2053888.000000,0,0,4096.000000,3.071224
