test,data_mem,aux_mem,ssd,cached,bbs,n,s,lf,id,append,append_bytes,insert,insert_bytes,setup,setup_bytes,vl,total_time
ofs-update,1,1,0,1,32,131072,3,2,0,0,0,0,0,12.299742,106746960.000000,0,14.340729
ofs-update,1,1,0,1,32,131072,3,2,16,0.447265,2541888.000000,0.338546,1744224.000000,0,0,16.000000,14.340729
ofs-update,1,1,0,1,32,131072,3,2,128,0.200518,13355776.000000,0.205097,7051808.000000,0,0,128.000000,14.340729
ofs-update,1,1,0,1,32,131072,3,2,1024,0.198360,13355296.000000,0.218942,13355296.000000,0,0,1024.000000,14.340729
ofs-update,1,1,0,1,32,131072,3,2,4096,0.206293,13374016.000000,0.211902,13354816.000000,0,0,4096.000000,14.340729
