test,data_mem,aux_mem,ssd,cached,bbs,n,s,lf,id,append,append_bytes,insert,insert_bytes,setup,setup_bytes,vl,total_time
ofs-update,0,0,1,1,128,256,3,2,0,0,0,0,0,0.044189,425808.000000,0,0.168110
ofs-update,0,0,1,1,128,256,3,2,16,0.034018,179392.000000,0.027983,143456.000000,0,0,16.000000,0.168110
ofs-update,0,0,1,1,128,256,3,2,128,0.029763,172672.000000,0.029580,178432.000000,0,0,128.000000,0.168110
