test,data_mem,aux_mem,ssd,cached,bbs,n,s,lf,id,append,append_bytes,insert,insert_bytes,setup,setup_bytes,vl,total_time
ofs-update,0,1,1,1,32,1048576,3,2,0,0,0,0,0,103.291826,1179423360.000000,0,109.404738
ofs-update,0,1,1,1,32,1048576,3,2,16,0.798787,4161376.000000,0.615061,2759648.000000,0,0,16.000000,109.404738
ofs-update,0,1,1,1,32,1048576,3,2,128,1.031473,41226720.000000,0.921417,4403296.000000,0,0,128.000000,109.404738
ofs-update,0,1,1,1,32,1048576,3,2,1024,0.814398,75790048.000000,0.560716,38490944.000000,0,0,1024.000000,109.404738
ofs-update,0,1,1,1,32,1048576,3,2,4096,0.777382,75786208.000000,0.538483,38480384.000000,0,0,4096.000000,109.404738
