test,data_mem,aux_mem,ssd,cached,bbs,n,s,lf,id,append,append_bytes,insert,insert_bytes,setup,setup_bytes,vl,total_time
ofs-update,0,0,1,1,128,2048,3,2,0,0,0,0,0,0.237999,3320400.000000,0,0.836927
ofs-update,0,0,1,1,128,2048,3,2,16,0.156486,1485888.000000,0.184937,992000.000000,0,0,16.000000,0.836927
ofs-update,0,0,1,1,128,2048,3,2,128,0.067194,841888.000000,0.062700,548384.000000,0,0,128.000000,0.836927
ofs-update,0,0,1,1,128,2048,3,2,1024,0.063663,844768.000000,0.060901,849088.000000,0,0,1024.000000,0.836927
