test,data_mem,aux_mem,ssd,cached,bbs,n,s,lf,id,append,append_bytes,insert,insert_bytes,setup,setup_bytes,vl,total_time
ofs-update,0,1,1,1,128,1048576,3,2,0,0,0,0,0,96.848792,2783695488.000000,0,103.707086
ofs-update,0,1,1,1,128,1048576,3,2,16,0.736673,6904768.000000,0.559969,4149344.000000,0,0,16.000000,103.707086
ofs-update,0,1,1,1,128,1048576,3,2,128,1.126745,132084096.000000,0.934665,7149568.000000,0,0,128.000000,103.707086
ofs-update,0,1,1,1,128,1048576,3,2,1024,1.029856,251941696.000000,0.777113,126546368.000000,0,0,1024.000000,103.707086
ofs-update,0,1,1,1,128,1048576,3,2,4096,0.976870,251953696.000000,0.670790,126553088.000000,0,0,4096.000000,103.707086
