test,data_mem,aux_mem,ssd,cached,bbs,n,s,lf,id,append,append_bytes,insert,insert_bytes,setup,setup_bytes,vl,total_time
ofs-update,0,0,1,1,4096,256,3,2,0,0,0,0,0,0.064694,8425296.000000,0,0.201466
ofs-update,0,0,1,1,4096,256,3,2,16,0.034701,2216288.000000,0.035204,1162624.000000,0,0,16.000000,0.201466
ofs-update,0,0,1,1,4096,256,3,2,128,0.030354,2205248.000000,0.033767,2207168.000000,0,0,128.000000,0.201466
