test,data_mem,aux_mem,ssd,cached,bbs,n,s,lf,id,append,append_bytes,insert,insert_bytes,setup,setup_bytes,vl,total_time
ofs-update,0,1,1,1,4096,1048576,3,2,0,0,0,0,0,277.739700,69093610112.000000,0,353.516313
ofs-update,0,1,1,1,4096,1048576,3,2,16,0.865326,120691104.000000,0.700360,61022112.000000,0,0,16.000000,353.516313
ofs-update,0,1,1,1,4096,1048576,3,2,128,10.925732,3886540224.000000,1.168349,120919584.000000,0,0,128.000000,353.516313
ofs-update,0,1,1,1,4096,1048576,3,2,1024,20.040280,7533249120.000000,10.882883,3767196960.000000,0,0,1024.000000,353.516313
ofs-update,0,1,1,1,4096,1048576,3,2,4096,20.017628,7533247680.000000,11.117776,3767219040.000000,0,0,4096.000000,353.516313
