test,data_mem,aux_mem,ssd,cached,bbs,n,s,lf,id,append,append_bytes,insert,insert_bytes,setup,setup_bytes,vl,total_time
ofs-update,0,1,1,1,128,256,3,2,0,0,0,0,0,0.049114,425808.000000,0,0.156343
ofs-update,0,1,1,1,128,256,3,2,16,0.026967,176512.000000,0.026530,133856.000000,0,0,16.000000,0.156343
ofs-update,0,1,1,1,128,256,3,2,128,0.025528,173152.000000,0.025587,177952.000000,0,0,128.000000,0.156343
