test,data_mem,aux_mem,ssd,cached,bbs,n,s,lf,id,append,append_bytes,insert,insert_bytes,setup,setup_bytes,vl,total_time
ofs-update,0,1,1,1,4096,16384,3,2,0,0,0,0,0,2.755553,545732688.000000,0,6.541616
ofs-update,0,1,1,1,4096,16384,3,2,16,0.485564,33218880.000000,0.276846,11422080.000000,0,0,16.000000,6.541616
ofs-update,0,1,1,1,4096,16384,3,2,128,0.498009,135220160.000000,0.439607,67856800.000000,0,0,128.000000,6.541616
ofs-update,0,1,1,1,4096,16384,3,2,1024,0.484241,135233120.000000,0.567566,135223040.000000,0,0,1024.000000,6.541616
ofs-update,0,1,1,1,4096,16384,3,2,4096,0.505262,135218720.000000,0.523399,135216800.000000,0,0,4096.000000,6.541616
