test,data_mem,aux_mem,ssd,cached,bbs,n,s,lf,id,append,append_bytes,insert,insert_bytes,setup,setup_bytes,vl,total_time
ofs-update,0,1,1,1,32,256,3,2,0,0,0,0,0,0.038521,122400.000000,0,0.160652
ofs-update,0,1,1,1,32,256,3,2,16,0.031178,132640.000000,0.030076,116960.000000,0,0,16.000000,0.160652
ofs-update,0,1,1,1,32,256,3,2,128,0.028414,124960.000000,0.030923,127360.000000,0,0,128.000000,0.160652
