test,data_mem,aux_mem,ssd,cached,bbs,n,s,lf,id,append,append_bytes,insert,insert_bytes,setup,setup_bytes,vl,total_time
ofs-update,0,1,1,1,32,2048,3,2,0,0,0,0,0,0.254020,1753680.000000,0,0.882458
ofs-update,0,1,1,1,32,2048,3,2,16,0.180395,905184.000000,0.183817,804512.000000,0,0,16.000000,0.882458
ofs-update,0,1,1,1,32,2048,3,2,128,0.069658,450592.000000,0.064220,362816.000000,0,0,128.000000,0.882458
ofs-update,0,1,1,1,32,2048,3,2,1024,0.060880,438592.000000,0.065264,448192.000000,0,0,1024.000000,0.882458
