test,data_mem,aux_mem,ssd,cached,bbs,n,s,lf,id,append,append_bytes,insert,insert_bytes,setup,setup_bytes,vl,total_time
ofs-update,0,0,1,1,32,2048,3,2,0,0,0,0,0,0.259279,1753680.000000,0,0.925387
ofs-update,0,0,1,1,32,2048,3,2,16,0.177146,886944.000000,0.216042,812192.000000,0,0,16.000000,0.925387
ofs-update,0,0,1,1,32,2048,3,2,128,0.069443,451072.000000,0.067040,353216.000000,0,0,128.000000,0.925387
ofs-update,0,0,1,1,32,2048,3,2,1024,0.068256,454912.000000,0.065098,445792.000000,0,0,1024.000000,0.925387
