test,data_mem,aux_mem,ssd,cached,bbs,n,s,lf,id,append,append_bytes,insert,insert_bytes,setup,setup_bytes,vl,total_time
ofs-update,0,0,1,1,32,256,3,2,0,0,0,0,0,0.039312,122400.000000,0,0.161209
ofs-update,0,0,1,1,32,256,3,2,16,0.030302,124960.000000,0.031190,119360.000000,0,0,16.000000,0.161209
ofs-update,0,0,1,1,32,256,3,2,128,0.029092,127840.000000,0.028597,125440.000000,0,0,128.000000,0.161209
