test,data_mem,aux_mem,ssd,cached,bbs,n,s,lf,id,append,append_bytes,insert,insert_bytes,setup,setup_bytes,vl,total_time
ofs-update,0,0,1,1,128,16384,3,2,0,0,0,0,0,1.743813,26146896.000000,0,3.261859
ofs-update,0,0,1,1,128,16384,3,2,16,0.436225,2751360.000000,0.247476,1245760.000000,0,0,16.000000,3.261859
ofs-update,0,0,1,1,128,16384,3,2,128,0.131984,5201056.000000,0.159857,2843168.000000,0,0,128.000000,3.261859
ofs-update,0,0,1,1,128,16384,3,2,1024,0.122776,5204416.000000,0.138458,5205856.000000,0,0,1024.000000,3.261859
ofs-update,0,0,1,1,128,16384,3,2,4096,0.129053,5195776.000000,0.148427,5194336.000000,0,0,4096.000000,3.261859
