test,data_mem,aux_mem,ssd,cached,bbs,n,s,lf,id,append,append_bytes,insert,insert_bytes,setup,setup_bytes,vl,total_time
ofs-update,0,0,1,1,32,16384,3,2,0,0,0,0,0,1.844839,13576272.000000,0,3.570598
ofs-update,0,0,1,1,32,16384,3,2,16,0.568819,2038080.000000,0.293055,1033120.000000,0,0,16.000000,3.570598
ofs-update,0,0,1,1,32,16384,3,2,128,0.147499,2042848.000000,0.142787,1274144.000000,0,0,128.000000,3.570598
ofs-update,0,0,1,1,32,16384,3,2,1024,0.131134,2047648.000000,0.156955,2039968.000000,0,0,1024.000000,3.570598
ofs-update,0,0,1,1,32,16384,3,2,4096,0.131415,2047648.000000,0.150754,2051488.000000,0,0,4096.000000,3.570598
