test,data_mem,aux_mem,ssd,cached,bbs,n,s,lf,id,append,append_bytes,insert,insert_bytes,setup,setup_bytes,vl,total_time
ofs-update,0,1,1,1,128,2048,3,2,0,0,0,0,0,0.237792,3320400.000000,0,0.887579
ofs-update,0,1,1,1,128,2048,3,2,16,0.178041,1486368.000000,0.204394,1020800.000000,0,0,16.000000,0.887579
ofs-update,0,1,1,1,128,2048,3,2,128,0.063836,838528.000000,0.067554,545024.000000,0,0,128.000000,0.887579
ofs-update,0,1,1,1,128,2048,3,2,1024,0.065918,840448.000000,0.066025,842848.000000,0,0,1024.000000,0.887579
