test,data_mem,aux_mem,ssd,cached,bbs,n,s,lf,id,append,append_bytes,insert,insert_bytes,setup,setup_bytes,vl,total_time
ofs-update,0,0,1,1,32,131072,3,2,0,0,0,0,0,12.221535,106746960.000000,0,14.253996
ofs-update,0,0,1,1,32,131072,3,2,16,0.471212,2539488.000000,0.354869,1718784.000000,0,0,16.000000,14.253996
ofs-update,0,0,1,1,32,131072,3,2,128,0.201256,13358656.000000,0.190809,7055648.000000,0,0,128.000000,14.253996
ofs-update,0,0,1,1,32,131072,3,2,1024,0.222385,13366816.000000,0.193491,13354816.000000,0,0,1024.000000,14.253996
ofs-update,0,0,1,1,32,131072,3,2,4096,0.201481,13356256.000000,0.193519,13363456.000000,0,0,4096.000000,14.253996
