test,data_mem,aux_mem,ssd,cached,bbs,n,s,lf,id,append,append_bytes,insert,insert_bytes,setup,setup_bytes,vl,total_time
ofs-update,0,1,1,1,32,131072,3,2,0,0,0,0,0,12.270363,106746960.000000,0,14.260476
ofs-update,0,1,1,1,32,131072,3,2,16,0.436279,2515488.000000,0.333489,1729344.000000,0,0,16.000000,14.260476
ofs-update,0,1,1,1,32,131072,3,2,128,0.202193,13355776.000000,0.186013,7076288.000000,0,0,128.000000,14.260476
ofs-update,0,1,1,1,32,131072,3,2,1024,0.209235,13353376.000000,0.190826,13364896.000000,0,0,1024.000000,14.260476
ofs-update,0,1,1,1,32,131072,3,2,4096,0.229712,13337536.000000,0.191422,13351936.000000,0,0,4096.000000,14.260476
