id,append
0,0.0
128,0.346599
512,0.30108
1024,0.32867
4096,0.314776
