id,append
0,0.0
128,1.777263
512,1.556139
1024,1.502251
4096,1.513953
