id,append
0,0.0
128,0.62333
512,0.532084
1024,0.574219
4096,0.584415
16384,0.0
65536,0.0
