id,append
0,0.0
128,1.762132
512,1.996415
1024,2.006181
4096,1.864714
