id,append
0,0.0
128,1.401688
512,1.34606
1024,1.439744
4096,1.460757
