id,append
0,0.0
128,0.323113
512,0.271745
1024,0.259953
4096,0.275858
