id,append
0,0.0
128,0.456499
512,0.406727
1024,0.417688
4096,0.421258
