id,append
0,0.0
128,0.681413
512,0.723322
1024,0.696831
4096,0.650913
