id,append
0,0.0
128,2.853967
512,1.951629
1024,2.345976
4096,2.342987
16384,0.0
65536,0.0
