id,append
0,0.0
128,0.548294
512,0.517832
1024,0.526069
4096,0.507492
