id,append
0,0.0
128,0.814751
512,0.944764
1024,0.899028
4096,0.852668
