id,append
0,0.0
128,0.390146
512,0.37461
1024,0.358984
4096,0.361425
