id,append
0,0.0
128,1.205427
512,1.143778
1024,1.142067
4096,1.049947
