id,append
0,0.0
128,0.448404
512,0.42352
1024,0.436343
4096,0.422214
