test,data_mem,aux_mem,ssd,cached,bbs,n,s,lf,id,append,append_bytes,insert,insert_bytes,setup,setup_bytes,vl,total_time
ofs-update,0,0,0,1,128,131072,3,2,0,0,0,0,0,3.337323,347793024.000000,0,12.099145
ofs-update,0,0,0,1,128,131072,3,2,16,0.361905,3642336.000000,0.199294,1778688.000000,0,0,16.000000,12.099145
ofs-update,0,0,0,1,128,131072,3,2,128,0.392504,55056480.000000,0.280587,27791760.000000,0,0,128.000000,12.099145
ofs-update,0,0,0,1,128,131072,3,2,1024,0.384276,55065600.000000,0.262701,27876240.000000,0,0,1024.000000,12.099145
ofs-update,0,0,0,1,128,131072,3,2,4096,0.576334,73939760.000000,0.392473,55029600.000000,0,0,4096.000000,12.099145
