test,data_mem,aux_mem,ssd,cached,bbs,n,s,lf,id,append,append_bytes,insert,insert_bytes,setup,setup_bytes,vl,total_time
ofs-update,0,1,0,1,128,256,3,2,0,0,0,0,0,0.020061,425808.000000,0,0.165578
ofs-update,0,1,0,1,128,256,3,2,16,0.024203,170512.000000,0.021982,115616.000000,0,0,16.000000,0.165578
ofs-update,0,1,0,1,128,256,3,2,128,0.023531,173632.000000,0.028276,180112.000000,0,0,128.000000,0.165578
