test,data_mem,aux_mem,ssd,cached,bbs,n,s,lf,id,append,append_bytes,insert,insert_bytes,setup,setup_bytes,vl,total_time
ofs-update,0,0,0,1,4096,2048,3,2,0,0,0,0,0,0.285620,68078160.000000,0,2.558200
ofs-update,0,0,0,1,4096,2048,3,2,16,0.231533,25816800.000000,0.146434,8942064.000000,0,0,16.000000,2.558200
ofs-update,0,0,0,1,4096,2048,3,2,128,0.141404,17091696.000000,0.122775,8669568.000000,0,0,128.000000,2.558200
ofs-update,0,0,0,1,4096,2048,3,2,1024,0.144069,17093376.000000,0.153065,17092176.000000,0,0,1024.000000,2.558200
