test,data_mem,aux_mem,ssd,cached,bbs,n,s,lf,id,append,append_bytes,insert,insert_bytes,setup,setup_bytes,vl,total_time
ofs-update,0,0,0,1,4096,16384,3,2,0,0,0,0,0,1.930737,545732688.000000,0,15.547464
ofs-update,0,0,0,1,4096,16384,3,2,16,0.430935,33144240.000000,0.154428,11101680.000000,0,0,16.000000,15.547464
ofs-update,0,0,0,1,4096,16384,3,2,128,0.953891,135227120.000000,0.730344,67821520.000000,0,0,128.000000,15.547464
ofs-update,0,0,0,1,4096,16384,3,2,1024,0.998846,135214880.000000,1.056175,135206240.000000,0,0,1024.000000,15.547464
ofs-update,0,0,0,1,4096,16384,3,2,4096,1.015997,135227120.000000,1.092359,135213200.000000,0,0,4096.000000,15.547464
