test,data_mem,aux_mem,ssd,cached,bbs,n,s,lf,id,append,append_bytes,insert,insert_bytes,setup,setup_bytes,vl,total_time
ofs-update,0,1,0,1,128,1048576,3,2,0,0,0,0,0,26.548437,2783695488.000000,0,44.408318
ofs-update,0,1,0,1,128,1048576,3,2,16,0.511411,6790048.000000,0.287014,3350144.000000,0,0,16.000000,44.408318
ofs-update,0,1,0,1,128,1048576,3,2,128,0.903261,132012816.000000,0.517738,6846208.000000,0,0,128.000000,44.408318
ofs-update,0,1,0,1,128,1048576,3,2,1024,1.125696,251915056.000000,0.664482,126456848.000000,0,0,1024.000000,44.408318
ofs-update,0,1,0,1,128,1048576,3,2,4096,1.165633,251895136.000000,0.634980,126486608.000000,0,0,4096.000000,44.408318
