test,data_mem,aux_mem,ssd,cached,bbs,n,s,lf,id,append,append_bytes,insert,insert_bytes,setup,setup_bytes,vl,total_time
ofs-update,0,1,0,1,128,16384,3,2,0,0,0,0,0,0.369551,26146896.000000,0,1.812059
ofs-update,0,1,0,1,128,16384,3,2,16,0.323786,2671920.000000,0.117600,937840.000000,0,0,16.000000,1.812059
ofs-update,0,1,0,1,128,16384,3,2,128,0.105873,5194096.000000,0.102856,2808368.000000,0,0,128.000000,1.812059
ofs-update,0,1,0,1,128,16384,3,2,1024,0.103851,5203216.000000,0.126946,5185456.000000,0,0,1024.000000,1.812059
ofs-update,0,1,0,1,128,16384,3,2,4096,0.101792,5183056.000000,0.109232,5184736.000000,0,0,4096.000000,1.812059
