test,data_mem,aux_mem,ssd,cached,bbs,n,s,lf,id,append,append_bytes,insert,insert_bytes,setup,setup_bytes,vl,total_time
ofs-update,0,0,0,1,128,1048576,3,2,0,0,0,0,0,26.121694,2783695488.000000,0,49.332928
ofs-update,0,0,0,1,128,1048576,3,2,16,0.541806,6812608.000000,0.283817,3339344.000000,0,0,16.000000,49.332928
ofs-update,0,0,0,1,128,1048576,3,2,128,1.008543,131965776.000000,0.575103,6831568.000000,0,0,128.000000,49.332928
ofs-update,0,0,0,1,128,1048576,3,2,1024,1.210464,251897296.000000,0.648963,126418208.000000,0,0,1024.000000,49.332928
ofs-update,0,0,0,1,128,1048576,3,2,4096,1.198202,251915536.000000,0.724974,126512768.000000,0,0,4096.000000,49.332928
