test,data_mem,aux_mem,ssd,cached,bbs,n,s,lf,id,append,append_bytes,insert,insert_bytes,setup,setup_bytes,vl,total_time
ofs-update,0,0,0,1,4096,1048576,3,2,0,0,0,0,0,900.325962,69093610112.000000,0,1107.760199
ofs-update,0,0,0,1,4096,1048576,3,2,16,2.375771,120583584.000000,3.344507,60241872.000000,0,0,16.000000,1107.760199
ofs-update,0,0,0,1,4096,1048576,3,2,128,23.374907,3886428864.000000,3.172822,120607584.000000,0,0,128.000000,1107.760199
ofs-update,0,0,0,1,4096,1048576,3,2,1024,54.804869,7533229200.000000,31.857656,3767082240.000000,0,0,1024.000000,1107.760199
ofs-update,0,0,0,1,4096,1048576,3,2,4096,44.200518,7533247920.000000,31.978869,3767138880.000000,0,0,4096.000000,1107.760199
