test,data_mem,aux_mem,ssd,cached,bbs,n,s,lf,id,append,append_bytes,insert,insert_bytes,setup,setup_bytes,vl,total_time
ofs-update,0,1,0,1,128,8388608,3,2,0,0,0,0,0,279.672840,22274878080.000000,0,307.966747
ofs-update,0,1,0,1,128,8388608,3,2,16,0.750998,12923200.000000,0.462868,6416240.000000,0,0,16.000000,307.966747
ofs-update,0,1,0,1,128,8388608,3,2,128,0.997641,18868800.000000,0.469131,7194080.000000,0,0,128.000000,307.966747
ofs-update,0,1,0,1,128,8388608,3,2,1024,3.944281,1144101920.000000,2.501774,572692720.000000,0,0,1024.000000,307.966747
ofs-update,0,1,0,1,128,8388608,3,2,4096,6.163626,1144108640.000000,2.187172,572770000.000000,0,0,4096.000000,307.966747
