test,data_mem,aux_mem,ssd,cached,bbs,n,s,lf,id,append,append_bytes,insert,insert_bytes,setup,setup_bytes,vl,total_time
ofs-update,0,1,0,1,128,131072,3,2,0,0,0,0,0,3.365625,347793024.000000,0,11.056746
ofs-update,0,1,0,1,128,131072,3,2,16,0.369445,3626256.000000,0.197114,1789968.000000,0,0,16.000000,11.056746
ofs-update,0,1,0,1,128,131072,3,2,128,0.424735,55076880.000000,0.275932,27837360.000000,0,0,128.000000,11.056746
ofs-update,0,1,0,1,128,131072,3,2,1024,0.427230,55068240.000000,0.282487,27861840.000000,0,0,1024.000000,11.056746
ofs-update,0,1,0,1,128,131072,3,2,4096,0.545728,73934960.000000,0.429821,55055040.000000,0,0,4096.000000,11.056746
