test,data_mem,aux_mem,ssd,cached,bbs,n,s,lf,id,append,append_bytes,insert,insert_bytes,setup,setup_bytes,vl,total_time
ofs-update,0,1,0,1,32,1048576,3,2,0,0,0,0,0,21.052827,1179423360.000000,0,31.442301
ofs-update,0,1,0,1,32,1048576,3,2,16,0.533075,4068736.000000,0.271551,1984928.000000,0,0,16.000000,31.442301
ofs-update,0,1,0,1,32,1048576,3,2,128,0.660046,41163600.000000,0.547248,4110736.000000,0,0,128.000000,31.442301
ofs-update,0,1,0,1,32,1048576,3,2,1024,0.610082,75753328.000000,0.382969,38339024.000000,0,0,1024.000000,31.442301
ofs-update,0,1,0,1,32,1048576,3,2,4096,0.588947,75752848.000000,0.370568,38428784.000000,0,0,4096.000000,31.442301
