test,data_mem,aux_mem,ssd,cached,bbs,n,s,lf,id,append,append_bytes,insert,insert_bytes,setup,setup_bytes,vl,total_time
ofs-update,0,1,0,1,32,256,3,2,0,0,0,0,0,0.011852,122400.000000,0,0.124164
ofs-update,0,1,0,1,32,256,3,2,16,0.025403,125680.000000,0.021724,87680.000000,0,0,16.000000,0.124164
ofs-update,0,1,0,1,32,256,3,2,128,0.026408,135280.000000,0.026226,126400.000000,0,0,128.000000,0.124164
