test,data_mem,aux_mem,ssd,cached,bbs,n,s,lf,id,append,append_bytes,insert,insert_bytes,setup,setup_bytes,vl,total_time
ofs-update,0,1,0,1,4096,16384,3,2,0,0,0,0,0,1.931946,545732688.000000,0,15.394328
ofs-update,0,1,0,1,4096,16384,3,2,16,0.401379,33127200.000000,0.153079,11106240.000000,0,0,16.000000,15.394328
ofs-update,0,1,0,1,4096,16384,3,2,128,0.980137,135209600.000000,0.717056,67811200.000000,0,0,128.000000,15.394328
ofs-update,0,1,0,1,4096,16384,3,2,1024,0.995553,135224000.000000,0.982962,135203120.000000,0,0,1024.000000,15.394328
ofs-update,0,1,0,1,4096,16384,3,2,4096,1.017150,135214160.000000,1.205367,135202640.000000,0,0,4096.000000,15.394328
