test,data_mem,aux_mem,ssd,cached,bbs,n,s,lf,id,append,append_bytes,insert,insert_bytes,setup,setup_bytes,vl,total_time
ofs-update,0,0,0,1,32,16384,3,2,0,0,0,0,0,0.336090,13576272.000000,0,1.727268
ofs-update,0,0,0,1,32,16384,3,2,16,0.320749,1930800.000000,0.116773,691360.000000,0,0,16.000000,1.727268
ofs-update,0,0,0,1,32,16384,3,2,128,0.084108,2032768.000000,0.092367,1234544.000000,0,0,128.000000,1.727268
ofs-update,0,0,0,1,32,16384,3,2,1024,0.091810,2053408.000000,0.098386,2046688.000000,0,0,1024.000000,1.727268
ofs-update,0,0,0,1,32,16384,3,2,4096,0.089868,2036368.000000,0.088568,2021968.000000,0,0,4096.000000,1.727268
