test,data_mem,aux_mem,ssd,cached,bbs,n,s,lf,id,append,append_bytes,insert,insert_bytes,setup,setup_bytes,vl,total_time
ofs-update,0,1,0,1,128,2048,3,2,0,0,0,0,0,0.065501,3320400.000000,0,0.607870
ofs-update,0,1,0,1,128,2048,3,2,16,0.132153,1458048.000000,0.117891,810560.000000,0,0,16.000000,0.607870
ofs-update,0,1,0,1,128,2048,3,2,128,0.049594,841168.000000,0.045879,527504.000000,0,0,128.000000,0.607870
ofs-update,0,1,0,1,128,2048,3,2,1024,0.050027,839968.000000,0.056793,842608.000000,0,0,1024.000000,0.607870
