test,data_mem,aux_mem,ssd,cached,bbs,n,s,lf,id,append,append_bytes,insert,insert_bytes,setup,setup_bytes,vl,total_time
ofs-update,0,1,0,1,4096,2048,3,2,0,0,0,0,0,0.264565,68078160.000000,0,2.332640
ofs-update,0,1,0,1,4096,2048,3,2,16,0.222739,25826400.000000,0.142876,8936784.000000,0,0,16.000000,2.332640
ofs-update,0,1,0,1,4096,2048,3,2,128,0.136785,17095536.000000,0.115657,8662368.000000,0,0,128.000000,2.332640
ofs-update,0,1,0,1,4096,2048,3,2,1024,0.132015,17094336.000000,0.137583,17094816.000000,0,0,1024.000000,2.332640
