test,data_mem,aux_mem,ssd,cached,bbs,n,s,lf,id,append,append_bytes,insert,insert_bytes,setup,setup_bytes,vl,total_time
ofs-update,0,0,0,1,128,2048,3,2,0,0,0,0,0,0.061000,3320400.000000,0,0.670403
ofs-update,0,0,0,1,128,2048,3,2,16,0.126881,1476048.000000,0.118693,825440.000000,0,0,16.000000,0.670403
ofs-update,0,0,0,1,128,2048,3,2,128,0.052195,845488.000000,0.046805,535664.000000,0,0,128.000000,0.670403
ofs-update,0,0,0,1,128,2048,3,2,1024,0.053360,853888.000000,0.054721,852448.000000,0,0,1024.000000,0.670403
