test,data_mem,aux_mem,ssd,cached,bbs,n,s,lf,id,append,append_bytes,insert,insert_bytes,setup,setup_bytes,vl,total_time
ofs-update,0,1,0,1,32,8388608,3,2,0,0,0,0,0,161.078835,9415240320.000000,0,174.563992
ofs-update,0,1,0,1,32,8388608,3,2,16,0.703829,6604384.000000,0.397921,3242672.000000,0,0,16.000000,174.563992
ofs-update,0,1,0,1,32,8388608,3,2,128,0.972791,9362256.000000,0.457908,4014992.000000,0,0,128.000000,174.563992
ofs-update,0,1,0,1,32,8388608,3,2,1024,1.436440,338825552.000000,1.016766,170077456.000000,0,0,1024.000000,174.563992
ofs-update,0,1,0,1,32,8388608,3,2,4096,1.414228,338768192.000000,0.865981,170148256.000000,0,0,4096.000000,174.563992
