test,data_mem,aux_mem,ssd,cached,bbs,n,s,lf,id,append,append_bytes,insert,insert_bytes,setup,setup_bytes,vl,total_time
ofs-update,0,1,0,1,4096,256,3,2,0,0,0,0,0,0.043746,8425296.000000,0,0.352746
ofs-update,0,1,0,1,4096,256,3,2,16,0.033765,2212688.000000,0.025172,1129264.000000,0,0,16.000000,0.352746
ofs-update,0,1,0,1,4096,256,3,2,128,0.033813,2211488.000000,0.036442,2203328.000000,0,0,128.000000,0.352746
