test,data_mem,aux_mem,ssd,cached,bbs,n,s,lf,id,append,append_bytes,insert,insert_bytes,setup,setup_bytes,vl,total_time
ofs-update,1,1,0,1,32,16384,3,2,0,0,0,0,0,1.707285,13576272.000000,0,2.884439
ofs-update,1,1,0,1,32,16384,3,2,16,0.336890,2015040.000000,0.255530,1010080.000000,0,0,16.000000,2.884439
ofs-update,1,1,0,1,32,16384,3,2,128,0.089084,2054368.000000,0.100949,1263584.000000,0,0,128.000000,2.884439
ofs-update,1,1,0,1,32,16384,3,2,1024,0.095092,2060608.000000,0.099478,2054848.000000,0,0,1024.000000,2.884439
ofs-update,1,1,0,1,32,16384,3,2,4096,0.095604,2039008.000000,0.099687,2051488.000000,0,0,4096.000000,2.884439
