test,data_mem,aux_mem,ssd,cached,bbs,n,s,lf,id,append,append_bytes,insert,insert_bytes,setup,setup_bytes,vl,total_time
ofs-update,1,1,0,1,128,2048,3,2,0,0,0,0,0,0.234624,3320400.000000,0,0.745858
ofs-update,1,1,0,1,128,2048,3,2,16,0.136209,1492128.000000,0.161533,997280.000000,0,0,16.000000,0.745858
ofs-update,1,1,0,1,128,2048,3,2,128,0.052698,849088.000000,0.050919,552224.000000,0,0,128.000000,0.745858
ofs-update,1,1,0,1,128,2048,3,2,1024,0.052703,851488.000000,0.054097,844288.000000,0,0,1024.000000,0.745858
