test,data_mem,aux_mem,ssd,cached,bbs,n,s,lf,id,append,append_bytes,insert,insert_bytes,setup,setup_bytes,vl,total_time
ofs-update,1,1,0,1,128,16384,3,2,0,0,0,0,0,1.891134,26146896.000000,0,3.128183
ofs-update,1,1,0,1,128,16384,3,2,16,0.354293,2733120.000000,0.223251,1255840.000000,0,0,16.000000,3.128183
ofs-update,1,1,0,1,128,16384,3,2,128,0.107592,5198176.000000,0.105231,2826848.000000,0,0,128.000000,3.128183
ofs-update,1,1,0,1,128,16384,3,2,1024,0.107433,5197216.000000,0.112305,5212096.000000,0,0,1024.000000,3.128183
ofs-update,1,1,0,1,128,16384,3,2,4096,0.110031,5208736.000000,0.111180,5190016.000000,0,0,4096.000000,3.128183
