test,data_mem,aux_mem,ssd,cached,bbs,n,s,lf,id,append,append_bytes,insert,insert_bytes,setup,setup_bytes,vl,total_time
ofs-update,1,1,0,1,128,256,3,2,0,0,0,0,0,0.039264,425808.000000,0,0.147256
ofs-update,1,1,0,1,128,256,3,2,16,0.026453,180832.000000,0.026077,142496.000000,0,0,16.000000,0.147256
ofs-update,1,1,0,1,128,256,3,2,128,0.024254,174112.000000,0.028664,179872.000000,0,0,128.000000,0.147256
