test,data_mem,aux_mem,ssd,cached,bbs,n,s,lf,id,append,append_bytes,insert,insert_bytes,setup,setup_bytes,vl,total_time
ofs-update,1,1,0,1,4096,2048,3,2,0,0,0,0,0,0.529694,68078160.000000,0,1.441924
ofs-update,1,1,0,1,4096,2048,3,2,16,0.228494,25872000.000000,0.188004,9140064.000000,0,0,16.000000,1.441924
ofs-update,1,1,0,1,4096,2048,3,2,128,0.120948,17099136.000000,0.111182,8680128.000000,0,0,128.000000,1.441924
ofs-update,1,1,0,1,4096,2048,3,2,1024,0.125939,17103456.000000,0.128803,17100576.000000,0,0,1024.000000,1.441924
