test,data_mem,aux_mem,ssd,cached,bbs,n,s,lf,id,append,append_bytes,insert,insert_bytes,setup,setup_bytes,vl,total_time
ofs-update,1,1,0,1,4096,16384,3,2,0,0,0,0,0,3.877280,545732688.000000,0,8.741150
ofs-update,1,1,0,1,4096,16384,3,2,16,0.441317,33207360.000000,0.234793,11417280.000000,0,0,16.000000,8.741150
ofs-update,1,1,0,1,4096,16384,3,2,128,0.753519,135225440.000000,0.569738,67842880.000000,0,0,128.000000,8.741150
ofs-update,1,1,0,1,4096,16384,3,2,1024,0.689737,135229280.000000,0.698627,135222080.000000,0,0,1024.000000,8.741150
ofs-update,1,1,0,1,4096,16384,3,2,4096,0.734986,135214400.000000,0.699889,135210560.000000,0,0,4096.000000,8.741150
