test,data_mem,aux_mem,ssd,cached,bbs,n,s,lf,id,append,append_bytes,insert,insert_bytes,setup,setup_bytes,vl,total_time
ofs-update,0,0,1,1,4096,2048,3,2,0,0,0,0,0,0.498306,68078160.000000,0,1.466550
ofs-update,0,0,1,1,4096,2048,3,2,16,0.247392,25864800.000000,0.187652,9137664.000000,0,0,16.000000,1.466550
ofs-update,0,0,1,1,4096,2048,3,2,128,0.132903,17100576.000000,0.106157,8671968.000000,0,0,128.000000,1.466550
ofs-update,0,0,1,1,4096,2048,3,2,1024,0.140436,17099616.000000,0.150625,17091456.000000,0,0,1024.000000,1.466550
