test,data_mem,aux_mem,ssd,cached,bbs,n,s,lf,id,append,append_bytes,insert,insert_bytes,setup,setup_bytes,vl,total_time
ofs-update,0,0,1,1,128,256,3,2,0,0,0,0,0,0.037475,425808.000000,0,0.137921
ofs-update,0,0,1,1,128,256,3,2,16,0.024021,179392.000000,0.025735,143936.000000,0,0,16.000000,0.137921
ofs-update,0,0,1,1,128,256,3,2,128,0.022588,170752.000000,0.025621,181792.000000,0,0,128.000000,0.137921
