test,data_mem,aux_mem,ssd,cached,bbs,n,s,lf,id,append,append_bytes,insert,insert_bytes,setup,setup_bytes,vl,total_time
ofs-update,0,1,1,1,128,256,3,2,0,0,0,0,0,0.038064,425808.000000,0,0.138038
ofs-update,0,1,1,1,128,256,3,2,16,0.024477,180352.000000,0.024150,142976.000000,0,0,16.000000,0.138038
ofs-update,0,1,1,1,128,256,3,2,128,0.024767,181312.000000,0.024258,177472.000000,0,0,128.000000,0.138038
