test,data_mem,aux_mem,ssd,cached,bbs,n,s,lf,id,append,append_bytes,insert,insert_bytes,setup,setup_bytes,vl,total_time
ofs-update,0,0,1,1,4096,16384,3,2,0,0,0,0,0,3.831162,545732688.000000,0,9.050531
ofs-update,0,0,1,1,4096,16384,3,2,16,0.439135,33189600.000000,0.220776,11412000.000000,0,0,16.000000,9.050531
ofs-update,0,0,1,1,4096,16384,3,2,128,0.729087,135230240.000000,0.779476,67856320.000000,0,0,128.000000,9.050531
ofs-update,0,0,1,1,4096,16384,3,2,1024,0.725789,135211520.000000,0.780133,135223520.000000,0,0,1024.000000,9.050531
ofs-update,0,0,1,1,4096,16384,3,2,4096,0.747802,135226400.000000,0.793871,135220640.000000,0,0,4096.000000,9.050531
