test,data_mem,aux_mem,ssd,cached,bbs,n,s,lf,id,append,append_bytes,insert,insert_bytes,setup,setup_bytes,vl,total_time
ofs-update,0,1,1,1,32,256,3,2,0,0,0,0,0,0.028698,122400.000000,0,0.127934
ofs-update,0,1,1,1,32,256,3,2,16,0.023960,131200.000000,0.024807,116480.000000,0,0,16.000000,0.127934
ofs-update,0,1,1,1,32,256,3,2,128,0.024157,128800.000000,0.024567,133600.000000,0,0,128.000000,0.127934
